-- phpMyAdmin SQL Dump
-- version 5.2.1
-- https://www.phpmyadmin.net/
--
-- Servidor: 127.0.0.1
-- Tiempo de generación: 18-03-2024 a las 21:00:20
-- Versión del servidor: 10.4.28-MariaDB
-- Versión de PHP: 8.2.4

SET SQL_MODE = "NO_AUTO_VALUE_ON_ZERO";
START TRANSACTION;
SET time_zone = "+00:00";


/*!40101 SET @OLD_CHARACTER_SET_CLIENT=@@CHARACTER_SET_CLIENT */;
/*!40101 SET @OLD_CHARACTER_SET_RESULTS=@@CHARACTER_SET_RESULTS */;
/*!40101 SET @OLD_COLLATION_CONNECTION=@@COLLATION_CONNECTION */;
/*!40101 SET NAMES utf8mb4 */;

--
-- Base de datos: `aguadzonotest++`
--

-- --------------------------------------------------------

--
-- Estructura de tabla para la tabla `contribuyentes`
--

CREATE TABLE `contribuyentes` (
  `id_contribuyente` int(11) NOT NULL,
  `nombre` varchar(255) NOT NULL,
  `apellido` varchar(255) NOT NULL,
  `tipo_de_persona` varchar(255) NOT NULL
) ENGINE=InnoDB DEFAULT CHARSET=utf8mb4 COLLATE=utf8mb4_general_ci;

--
-- Volcado de datos para la tabla `contribuyentes`
--

INSERT INTO `contribuyentes` (`id_contribuyente`, `nombre`, `apellido`, `tipo_de_persona`) VALUES
(1, 'ANGELICA', 'CHAN CHIMAL', 'Natural'),
(2, 'ANGELA', 'HAU', 'Natural'),
(3, 'ALBERTO', 'BALAM', 'Natural'),
(4, 'ANGEL GUADALUPE', 'PECH', 'Natural'),
(5, 'ANTONIO', 'KUYOC XOOC', 'Natural'),
(6, 'ARISTEO', 'POOT CHAN', 'Natural'),
(7, 'ANTONIO', 'CANCHE CHAN', 'Natural'),
(8, 'ANACLETA', 'DZIB NAHUAT', 'Natural'),
(9, 'ALFREDO', 'PAT KU', 'Natural'),
(10, 'AGUSTIN', 'CIAU PUC', 'Natural'),
(11, 'AMILCAR', 'SOSA ARGAEZ', 'Natural'),
(12, 'ANTONIO', 'KU CAUICH', 'Natural'),
(13, 'AURELIA', 'CIMA BALAM', 'Natural'),
(14, 'AMELIA', 'MAY NOH', 'Natural'),
(15, 'ALBARO', 'WICAB CAAMAL', 'Natural'),
(16, 'ALONSO', 'CANUL QUETZAL', 'Natural'),
(17, 'ADELAIDA', 'CANUL KU', 'Natural'),
(18, 'ANGELA', 'CHAN CAHUM', 'Natural'),
(19, 'AURORA', 'CAHUM PUC ', 'Natural'),
(20, 'ANANIAS', 'WICAB TUZ', 'Natural'),
(21, 'ADELAIDA ', 'CEN', 'Natural'),
(22, 'ANA ROSA', 'NAJERA TUZ', 'Natural'),
(23, 'AMALIA', 'NAHUAT DZIB', 'Natural'),
(24, 'ANA MARIA ', 'CEN CAHUM', 'Natural'),
(25, 'ANA GABRIELA', 'CAAMAL PAT', 'Natural'),
(26, 'ANA MARIA ', 'CEN KU', 'Natural'),
(27, 'ANTONIA', 'CANCHE MAY', 'Natural'),
(28, 'ALONDRA', 'CHAN CHIMAL', 'Natural'),
(29, 'ARSEO', 'FRIAS CANUL', 'Natural'),
(30, 'ARTEMIO', 'TAMAY CHAN ', 'Natural'),
(31, 'ANDRES', 'POOT POOT', 'Natural'),
(32, 'ANGELINO', 'SOSA NAJERA', 'Natural'),
(33, 'AQUILEO', 'NOH TUN ', 'Natural'),
(34, 'ABELARDO', 'PECH CIMA ', 'Natural'),
(35, 'ADOLFO', 'UC CEN ', 'Natural'),
(36, 'ARMANDO', 'AY CANCHE', 'Natural'),
(37, 'ABRAHAM', 'CHOC CHAN', 'Natural'),
(38, 'ALEJANDRO', 'NAHUAT CHAN', 'Natural'),
(39, 'ANGEL', 'MOO MAY', 'Natural'),
(40, 'ANA', 'CAHUM MAY', 'Natural'),
(41, 'ANTONIO DE JESUS', 'TUN CIMA ', 'Natural'),
(42, 'ABELARDO', 'DZIB CIAU', 'Natural'),
(43, 'ANANIAS', 'NAJERA ARGAEZ', 'Natural'),
(44, 'ANDRES', 'HAU NAH', 'Natural'),
(45, 'ABELARDO', 'AY CANCHE', 'Natural'),
(46, 'AUDOMARO', 'TAMAY KU', 'Natural'),
(47, 'AZAEL', 'WICAB TUZ', 'Natural'),
(48, 'ARMANDO', 'CIAU CHAN', 'Natural'),
(49, 'ANTONIO', 'MAY POOT', 'Natural'),
(50, 'ABELARDO', 'CHAN TUZ', 'Natural'),
(51, 'ARACELI', 'BALAM MEDINA ', 'Natural'),
(52, 'ANGEL ADONAY', 'PUC HAU', 'Natural'),
(53, 'ANA GABRIELA', 'CHIMAL NAHUAT', 'Natural'),
(54, 'ANGEL', 'AGUAYO DZUL ', 'Natural'),
(55, 'ANTONIO', 'CIAU DUARTE', 'Natural'),
(56, 'ALBERTICO', 'CHAN QUIJANO', 'Natural'),
(57, 'ANA MARIA', 'PUC TUZ', 'Natural'),
(58, 'ANDREA', 'CANCHE CANCHE', 'Natural'),
(59, 'ANGEL', 'MAY', 'Natural'),
(60, 'AMALIA', 'CRUZ SANCHEZ', 'Natural'),
(61, 'ANGEL ANTONIO', 'PUC HAU', 'Natural'),
(62, 'ARISTEO', 'PAT CAHUM', 'Natural'),
(63, 'AMELIA', 'PUC MAY', 'Natural'),
(64, 'ROSENDA', 'CANCHE CANCHE', 'Natural'),
(65, 'ADALBERTO', 'CANUL CEN', 'Natural'),
(66, 'ANGEL GAMALIEL', 'EUAN CHI', 'Natural'),
(67, 'ANA LAURA', 'MAY CHAN', 'Natural'),
(68, 'AMELIA', 'WICAB POOT', 'Natural'),
(69, 'ALEXANDER GUADALUPE', 'SANCHEZ GOMEZ', 'Natural'),
(70, 'BENITA', 'TUZ CAHUM', 'Natural'),
(71, 'BERTOLDO', 'CHAN  CAHUM', 'Natural'),
(72, 'BENJAMIN', 'HAU CANCHE', 'Natural'),
(73, 'BARTOLA', 'TUZ DZIB', 'Natural'),
(74, 'BENEDICTO', 'KUYOC XOOC', 'Natural'),
(75, 'BRIJIDO', 'KUYOC CANCHE', 'Natural'),
(76, 'BETO', 'AY CANCHE', 'Natural'),
(77, 'BERTHA', 'TUZ CAHUM', 'Natural'),
(78, 'BENIGNO', 'CANCHE DZIB', 'Natural'),
(79, 'BACILIA', 'KU TUZ', 'Natural'),
(80, 'BERTHA', 'CAHUM PAT', 'Natural'),
(81, 'BENITO', 'CAHUM BE', 'Natural'),
(82, 'BRANDON', 'POOT CAHUICH', 'Natural'),
(83, 'BENJAMIN', 'WICAB TUZ', 'Natural'),
(84, 'BRAULIO', 'CAHUM CANCHE', 'Natural'),
(85, 'BRUCILA', 'CANCHE WICAB', 'Natural'),
(86, 'BRAULIA', 'HAU CANCHE', 'Natural'),
(87, 'CARLOS', 'KUYOC HAU', 'Natural'),
(88, 'CARLOS MANUEL', 'EUAN TUZ', 'Natural'),
(89, 'CARLOS', 'MORALES BAUTISTA', 'Natural'),
(90, 'CASILDA', 'CHAN HAU', 'Natural'),
(91, 'CARLOS', 'KUYOC CHAN', 'Natural'),
(92, 'CANDELARIO', 'CHAN CHULIN', 'Natural'),
(93, 'CRECENCIO', 'CHAN CAHUM', 'Natural'),
(94, 'CRECENCIO', 'CUPUL KUYOC', 'Natural'),
(95, 'CARLOS ALBERTO', 'TUZ CAHUM', 'Natural'),
(96, 'JOSE CONCEPCION', 'CANUL TEJERO', 'Natural'),
(97, 'CESAR', 'BRAGA', 'Natural'),
(98, 'JOSE CONCEPCION ', 'CHI CANCHE', 'Natural'),
(99, 'CATALINA', 'CANUL KU', 'Natural'),
(100, 'CARLOS', 'CAAMAL MAY', 'Natural'),
(101, 'CARLOS', 'FRIAS CANCHE', 'Natural'),
(102, 'CAMILA', 'POOT', 'Natural'),
(103, 'CANCIONILA', 'PECH MOO', 'Natural'),
(104, 'CARMEN', 'BATUM', 'Natural'),
(105, 'CARLOS', 'WICAB CANCHE', 'Natural'),
(106, 'CONCEPCION', 'CHAN PAT', 'Natural'),
(107, 'CARLOS', 'CASTRO CAHUM', 'Natural'),
(108, 'CARLOS', 'CUPUL HOIL', 'Natural'),
(109, 'JOSE HERMELINDO', 'ARGAEZ BALAM', 'Natural'),
(110, 'CINDY CONCEPCION', 'TEC CHAN', 'Natural'),
(111, 'CANDELARIA', 'HOIL TUZ', 'Natural'),
(112, 'COSME DAMIAN', 'CANUL CUPUL ', 'Natural'),
(113, 'CARLOS', 'PUC PUC', 'Natural'),
(114, 'CARLOS EDUARDO', 'BALAM TAMAY', 'Natural'),
(115, 'CARLOS', 'KUYOC DZIB', 'Natural'),
(116, 'CARLOS RODRIGO', 'TUN CHI', 'Natural'),
(117, 'CARLOS EDUARDO', 'NAJERA HAU', 'Natural'),
(118, 'CARLOS', 'CANCHE WICAB', 'Natural'),
(119, 'DANIEL', 'NAJERA CANCHE', 'Natural'),
(120, 'DANIEL', 'MEDINA TUZ', 'Natural'),
(121, 'DAVID', 'CAAMAL', 'Natural'),
(122, 'DIONISIO', 'CUPUL CUPUL', 'Natural'),
(123, 'DAMIAN', 'GOMEZ POOT', 'Natural'),
(124, 'DAMIAN', 'TUZ DZIB', 'Natural'),
(125, 'DANIEL', 'TUZ CANUL', 'Natural'),
(126, 'DALVER ALIMIR', 'CEN BALAM', 'Natural'),
(127, 'DANIEL', 'AY CANCHE', 'Natural'),
(128, 'DEMETRIO', 'TUZ CHAN', 'Natural'),
(129, 'DAMIAN', 'WICAB CUPUL', 'Natural'),
(130, 'DULCE MARIA', 'CANCHE EK', 'Natural'),
(131, 'DEMETRIO', 'CHIMAL POOT', 'Natural'),
(132, 'DAVID', 'ARGAEZ ARGAEZ', 'Natural'),
(133, 'ELSY', 'ONTIVEROS', 'Natural'),
(134, 'ELIA', 'SANCHEZ CANCHE', 'Natural'),
(135, 'ENA LEONOR', 'GUTIERREZ PUERTO', 'Natural'),
(136, 'EDER', 'CEN CANCHE', 'Natural'),
(137, 'ELEAZAR', 'HAU CANCHE', 'Natural'),
(138, 'ELVIA ESTHER', 'WICAB CAAMAL', 'Natural'),
(139, 'ELIAS', 'CIMA HAU', 'Natural'),
(140, 'ELVIRO', 'NAHUAT', 'Natural'),
(141, 'EDMUNDO', 'CANUL TEJERO', 'Natural'),
(142, 'EFRAIN', 'CEME ARGAEZ', 'Natural'),
(143, 'ERIC ARIEL', 'KUYOC MEDINA ', 'Natural'),
(144, 'EUSTAQUIO', 'CAHUM CAHUM', 'Natural'),
(145, 'EVARISTO', 'CHAN POOT ', 'Natural'),
(146, 'EMILIO', 'CEME EUAN', 'Natural'),
(147, 'EDGAR', 'ARGAEZ', 'Natural'),
(148, 'ELISEO', 'WICAB TUZ', 'Natural'),
(149, 'ELADIO', 'CANUL TEJERO', 'Natural'),
(150, 'EFRAIN JESUS', 'CASTRO CEN', 'Natural'),
(151, 'ELMER', 'BARAHONA REYES ', 'Natural'),
(152, 'ESTEBAN', 'CAN CANTUN', 'Natural'),
(153, 'EZEQUIEL', 'SANCHEZ CANCHE', 'Natural'),
(154, 'EVELIO', 'HAU NAJ', 'Natural'),
(155, 'ELIAS', 'CANUL POOT', 'Natural'),
(156, 'ESTHER KARINA', 'MAY CHAN', 'Natural'),
(157, 'EPIFANIO', 'HUERTA', 'Natural'),
(158, 'EDY BEATRIZ ', 'PUC PUC', 'Natural'),
(159, 'ENRIQUE', 'CUPUL MAY', 'Natural'),
(160, 'EVANGELINA', 'VELASQUEZ PEREZ', 'Natural'),
(161, 'EURESTI SOSA preguntar', 'SOSA preguntar', 'Natural'),
(162, 'EDILBERTO', 'CANCHE WICAB', 'Natural'),
(163, 'EULOGIO', 'CAAMAL TINAJ', 'Natural'),
(164, 'ESCOLASTICO', 'MAY', 'Natural'),
(165, 'ELVIRA CRUZ ', 'COCOM CAAMAL', 'Natural'),
(166, 'GUILLERMO ', 'NOVA JAIMES', 'Natural'),
(167, 'FANNY GABRIELA ', 'CANCHE WICAB', 'Natural'),
(168, 'FERNANDO', 'CASTRO PERERA', 'Natural'),
(169, 'FELIPE', 'CANCHE DZIB', 'Natural'),
(170, 'FELIPE', 'TUZ CAHUM', 'Natural'),
(171, 'ELEUCADIO', 'PAT KU', 'Natural'),
(172, 'FELIPE', 'CANUL TEJERO', 'Natural'),
(173, 'FRANCISCO', 'WICAB CUPUL', 'Natural'),
(174, 'FERNANDO', 'CASTRO RODRIGUEZ', 'Natural'),
(175, 'FRANCISCO', 'WICAB CANCHE', 'Natural'),
(176, 'FERNANDO', 'PECH MOO', 'Natural'),
(177, 'FELIPE', 'WICAB CANCHE', 'Natural'),
(178, 'FRANCISCO', 'CANO', 'Natural'),
(179, 'FELIPE', 'CHAN CANCHE', 'Natural'),
(180, 'FAUSTINO', 'CHAN CIAU', 'Natural'),
(181, 'FACUNDO', 'TUZ HAU', 'Natural'),
(182, 'FACUNDA', 'CUPUL KUYOC', 'Natural'),
(183, 'DAVID ARNUALDO', 'GALINDO TAMAY', 'Natural'),
(184, 'FLORENCIO', 'CUPUL CHUC', 'Natural'),
(185, 'FERNANDO', 'CANCHE CANCHE', 'Natural'),
(186, 'FELIPE DE JESUS ', 'UC TUZ ', 'Natural'),
(187, 'FAUSTINO', 'CAUICH BAAS', 'Natural'),
(188, 'FELIPE', 'KUYOC XOOC', 'Natural'),
(189, 'FRANCISCO', 'UC CEN', 'Natural'),
(190, 'FAUSTINA', 'CHAN CHIMAL', 'Natural'),
(191, 'FLORENCIO', 'BALAM POOT', 'Natural'),
(192, 'FILIBERTO', 'CANUL KUYOC', 'Natural'),
(193, 'FILIBERTO', 'TAMAY KU', 'Natural'),
(194, 'FRANCISCO', 'MAY UCH', 'Natural'),
(195, 'FELIX ', 'PUC MAY', 'Natural'),
(196, 'FREDDY', 'RAMIREZ SUASTE', 'Natural'),
(197, 'FLORENCIA', 'CHAN PECH', 'Natural'),
(198, 'FILIBERTO', 'CUPUL KUYOC', 'Natural'),
(199, 'FERNANDO', 'CAHUM PUC', 'Natural'),
(200, 'FAUSTINO', 'CHAN NOH', 'Natural'),
(201, 'FRANCISCO', 'CAHUM CUPUL', 'Natural'),
(202, 'FRANCISCO', 'PAT MAY', 'Natural'),
(203, 'FLORENCIA', 'NAHUAT DZIB', 'Natural'),
(204, 'FERNANDO', 'PECH CHAN', 'Natural'),
(205, 'FRANCISCA', 'CANUL CEN', 'Natural'),
(206, 'FLORENCIO', 'KUYOC CANUL', 'Natural'),
(207, 'FELICIANA', 'UC PAT', 'Natural'),
(208, 'FREDI ALEJANDRO', 'KUYOC CAAMAL', 'Natural'),
(209, 'FELIPE ANASTASIO', 'POOT CHAN', 'Natural'),
(210, 'FRANCISCO', 'LUGO ROSADO', 'Natural'),
(211, 'FRANCISCO', 'HOILTUZ', 'Natural'),
(212, 'FELICIANA', 'CANUL MAY', 'Natural'),
(213, 'FANNY', 'EK PERAZA', 'Natural'),
(214, 'FLORENCIO ', 'CUPUL HOIL', 'Natural'),
(215, 'GUILLERMO', 'UC CHI', 'Natural'),
(216, 'GUADALUPE ', 'CAAMAL EUAN', 'Natural'),
(217, 'GALINDO', 'CAHUM TUZ', 'Natural'),
(218, 'GASPAR', 'CHAN CAHUM', 'Natural'),
(219, 'GILBERTO', 'CHAN POOT', 'Natural'),
(220, 'GALINDO', 'CHI CANCHE', 'Natural'),
(221, 'GONZALO', 'CHAN CAHUM', 'Natural'),
(222, 'GILBERTO', 'WICAB TUZ', 'Natural'),
(223, 'GERZON JOEL ', 'PECH CANCHE', 'Natural'),
(224, 'GABRIEL', 'CHAN TUN', 'Natural'),
(225, 'GUADALUPE', 'CASTRO PERERA', 'Natural'),
(226, 'GILBERTO', 'CUPUL KUYOC', 'Natural'),
(227, 'GUADALUPE', 'CHIMAL NAHUAT', 'Natural'),
(228, 'GERARDO', 'CHI CANCHE', 'Natural'),
(229, 'GUSTAVO', 'GOMEZ MARFIL', 'Natural'),
(230, 'GALO', 'CHI KUYOC', 'Natural'),
(231, 'GILBERTO', 'CAHUM PUC', 'Natural'),
(233, 'GREGORIO', 'CHAN', 'Natural'),
(234, 'GILBERTO', 'GILBERTO SANCHEZ CHAN', 'Natural'),
(235, 'GERARDO YASMANI', 'SALAS PUERTO', 'Natural'),
(236, 'GREGORIO', 'HAU NAHUAT', 'Natural'),
(237, 'GEYDI ALEJANDRA', 'WICAB CAAMAL', 'Natural'),
(238, 'GERMAI GABRIEL ', 'ABAN CIMA', 'Natural'),
(239, 'GILBERTO', 'OLIVERA', 'Natural'),
(240, 'GRACIELA', 'UC', 'Natural'),
(241, 'GENARO', 'MEDINA', 'Natural'),
(242, 'GUADALUPE', 'POOT POOL', 'Natural'),
(243, 'GUILLERMO', 'UC CANUL', 'Natural'),
(244, 'HILARIO', 'CANCHE CANCHE', 'Natural'),
(245, 'HILARIO', 'CHAN BALAM', 'Natural'),
(247, 'HERMENEJILDO', 'TUZ MAZUM', 'Natural'),
(248, 'HORTENSIA', 'CAAMAL MAY', 'Natural'),
(249, 'HECTOR OMAR', 'KUYOC MEDINA', 'Natural'),
(250, 'HILARIO DAGOBERTO ', 'TUN', 'Natural'),
(251, 'HENRY', 'PAT POOL', 'Natural'),
(252, 'HERLINDO', 'SERRALTA', 'Natural'),
(253, 'HECTOR SAUL', 'BALAM', 'Natural'),
(254, 'HILARIO', 'CANCHE TAMAY', 'Natural'),
(255, 'HONORIA', 'ITZA', 'Natural'),
(256, 'HILARIA', 'CANCHE HAU', 'Natural'),
(257, 'HUMBERTO', 'BALAM', 'Natural'),
(258, 'IGNACIO', 'YAM', 'Natural'),
(259, 'IMELDA', 'MEDINA KUYOC', 'Natural'),
(260, 'IGLESIA INTERNACIONAL', 'INTERNACIONAL', 'parroquia o congregacion'),
(261, 'IDELFONSA', 'LOPEZ GUTIERREZ', 'Natural'),
(262, 'ISIDRO', 'KUYOC CANCHE', 'Natural'),
(263, 'ISIDRO', 'CAHUM TUZ', 'Natural'),
(264, 'IGLESIA A DE LA FE C.L', 'DE LA FE C.L', 'parroquia o congregacion'),
(265, 'IGLESIA CATOLICA', 'CATOLICA', 'parroquia o congregacion'),
(266, 'ISIDRO', 'WICAB CAAMAL', 'Natural'),
(267, 'IDELFONSA', 'TAMAY KU', 'Natural'),
(268, 'IMELDA', 'CAAMAL PAT', 'Natural'),
(269, 'ISAURA', 'NAHUAT DZIL', 'Natural'),
(270, 'ISRAEL', 'CAHUN CRUZ', 'Natural'),
(271, 'IGLESIA DE LA PROFECIA ', 'DE LA PROFECIA ', 'parroquia o congregacion'),
(272, 'ISIDRO', 'PUC PECH', 'Natural'),
(273, 'ISMAEL', 'HAU NAHUAT', 'Natural'),
(274, 'JOSE CONCEPCION', 'CHAN CIAU', 'Natural'),
(275, 'JUAN DE DIOS', 'CUTIZ CAUICH ', 'Natural'),
(276, 'JACINTO', 'CHAN CIAU', 'Natural'),
(277, 'JOSE GUALBERTO', 'CHI CHAN', 'Natural'),
(278, 'JACOBO', 'NAHUAT NOH', 'Natural'),
(279, 'JOSE FELIPE', 'WICAB CAAMAL', 'Natural'),
(280, 'JOSE FELIX', 'CAHUM CAUICH', 'Natural'),
(281, 'JOSE MARIA', 'KU TUZ', 'Natural'),
(282, 'JACINTA', 'NAHUAT DZIB', 'Natural'),
(283, 'JORGE CARLOS', 'CHAN COB', 'Natural'),
(284, 'JUAN', 'POOT CANTUN', 'Natural'),
(285, 'JOSE LUIS', 'LUIS CHAN CANUL', 'Natural'),
(286, 'JOSE  GABRIEL', 'AC CIAU', 'Natural'),
(287, 'JOSE RAMOS', 'CUPUL CHAN', 'Natural'),
(288, 'JOS  RAMOS', 'CERVANTES', 'Natural'),
(289, 'JOEL', 'MEDINA KUYOC', 'Natural'),
(290, 'JOSE', 'MARTIN BURGOS', 'Natural'),
(291, 'JOSE ALBERTO', 'COCOM CAAMAL', 'Natural'),
(292, 'JOSE ARTURO', 'CAHUM CIMA', 'Natural'),
(293, 'JOSE GUADALUPE', 'KUYOC CANUL', 'Natural'),
(294, 'JAVIER', 'KUYOC CHAN', 'Natural'),
(295, 'JOSE MARTIN', 'TAMAY KU', 'Natural'),
(296, 'CASILDA', 'CHAN BALAM', 'Natural'),
(297, 'JACINTO', 'CHI CANCHE', 'Natural'),
(298, 'JOSE', 'APOLONIO TINAJ', 'Natural'),
(299, 'JUVENTINO', 'CANUL KU', 'Natural'),
(300, 'JUAN BAUTISTA', 'CAHUM TUZ', 'Natural'),
(301, 'JOSE LUIS', 'CHAN PAT', 'Natural'),
(302, 'JACINTO', 'WICAB', 'Natural'),
(303, 'JOSE', 'CHAN TUZ', 'Natural'),
(304, 'JOSE', 'CARDENAS NAJERA', 'Natural'),
(305, 'JOSE', 'MAY NOH', 'Natural'),
(306, 'JUAN MANUEL', 'MOO TUN', 'Natural'),
(307, 'JOSE GILBERTO', 'BALAM', 'Natural'),
(308, 'JULIAN', 'TUN YAM', 'Natural'),
(309, 'JOSE HUMBERTO', 'TUZ CANUL', 'Natural'),
(310, 'JACINTO', 'TAMAY KU', 'Natural'),
(311, 'JUAN CARLOS', 'CAAMAL LUGO', 'Natural'),
(312, 'JOSE ELIAS ', 'CHAN PAT', 'Natural'),
(313, 'JOSE BALTAZAR', 'KU CHAN', 'Natural'),
(314, 'JOSE AMADO', 'PAT POOL', 'Natural'),
(315, 'JUAN', 'PUC PECH', 'Natural'),
(316, 'JOSE LORENZO', 'MAY HAU', 'Natural'),
(317, 'JOSE MARDOQUEO', 'WICAB TUZ', 'Natural'),
(318, 'JAZMIN NAYELI', 'TUZ CHAN', 'Natural'),
(319, 'JOSE CANDELARIO', 'GOMEZ CIAU', 'Natural'),
(320, 'JUAN PABLO', 'LUGO WICAB', 'Natural'),
(321, 'JORGE ARMANDO', 'CIAU DUARTE', 'Natural'),
(322, 'JORGE', 'CANUL KUYOC', 'Natural'),
(323, 'JORGE ANTONIO ', 'CIMA CANUL', 'Natural'),
(324, 'JORGE IGNACIO', 'CHIMAL NAHUAT', 'Natural'),
(325, 'JOSE EDUARDO', 'CAAMAL CAHUM', 'Natural'),
(326, 'JOSE EDUARDO', 'CAAMAL CAHUM', 'Natural'),
(327, 'JOSE ALFREDO', 'KUYOC CHAN', 'Natural'),
(328, 'JOSE ASAEL', 'NAJERA HAU', 'Natural'),
(329, 'JOSE ANTONIO', 'TAMAY CANUL', 'Natural'),
(330, 'JORGE ENRIQUE', 'MARTIN BURGOS', 'Natural'),
(331, 'JOSE ROBERTO', 'CHAY MAY', 'Natural'),
(332, 'JORGE CARLOS', 'PUC CHAN', 'Natural'),
(333, 'JAVIER SANTOS', 'PUC POOT', 'Natural'),
(334, 'JOSE', 'ROJAS CERVANTES', 'Natural'),
(335, 'JOSE', 'CANUL TUZ', 'Natural'),
(336, 'JUAN BAUTISTA', 'CHAN BALAM', 'Natural'),
(337, 'JOSE ISABEL', 'UC PUC', 'Natural'),
(338, 'JOSE NESTOR', 'CAAMAL PAT', 'Natural'),
(339, 'JOSE ALFREDO', 'CANCHE POOT', 'Natural'),
(340, 'JUAN MARCIAL ', 'CAAMAL MAY', 'Natural'),
(341, 'JOSE ARMANDO', 'MAY POOT', 'Natural'),
(342, 'JESUS FORTUNATO', 'CUPUL HOIL', 'Natural'),
(343, 'JULIO CESAR', 'CANUL TUZ', 'Natural'),
(344, 'JOSE GAUDENCIO', 'KU CHAN', 'Natural'),
(345, 'JOSE RODOLFO ', 'CHAN CHIMAL', 'Natural'),
(346, 'JOSE GABINO', 'WITZIL YAM', 'Natural'),
(347, 'JOSE DOMINGO', 'TAMAY CHAN', 'Natural'),
(348, 'JOSE EFRAIN', 'UH WICAB', 'Natural'),
(349, 'JOSE HUMBERTO', 'SANCHEZ CANCHE', 'Natural'),
(350, 'JULIA ESTHER ', 'COCOM', 'Natural'),
(351, 'JOSE IDELFONSO', 'NAHUAT CHAN', 'Natural'),
(352, 'JOSE JAVIER ', 'TAPIA', 'Natural'),
(353, 'JUAN MANUEL', 'NAJERA TUZ', 'Natural'),
(354, 'JOSE RICARDO', 'TAMAY CHAN', 'Natural'),
(355, 'JULIANA', 'HAU NAJERA', 'Natural'),
(356, 'JUAN DAMACIO', 'DZIB MAY', 'Natural'),
(357, 'JOSE', 'GOMEZ POOL', 'Natural'),
(358, 'JUAN GABRIEL', 'CANUL TUZ', 'Natural'),
(359, 'JOSE ALBERTO', 'GOMEZ', 'Natural'),
(360, 'JOSE DAGOBERTO', 'CANUL KUYOC', 'Natural'),
(361, 'JOSE LUIS', 'CUPUL CHAN', 'Natural'),
(362, 'JUAN DE LA CRUZ', 'WICAB PUC', 'Natural'),
(363, 'JOSE TIRZO', 'CHAN CIAU', 'Natural'),
(364, 'JOSE DAVID', 'CHAN CHAN', 'Natural'),
(365, 'JUAN ', 'EK ESTRELLA', 'Natural'),
(366, 'JAVIER', 'CHAN CHAN', 'Natural'),
(367, 'JOSE', 'GOMEZ ALVAREZ', 'Natural'),
(368, 'JORGE ARTURO', 'UC PUC', 'Natural'),
(369, 'JORGE ALBERTO', 'PUC MAY', 'Natural'),
(370, 'JOSE MERCEDES', 'PUC SEGURA', 'Natural'),
(371, 'JUAN GABRIEL', 'CAAMAL TINAH', 'Natural'),
(372, 'JOSE MARIA', 'MAY TUN', 'Natural'),
(373, 'JOSE MARIO', 'CHAN PAT', 'Natural'),
(374, 'JORGE ENRIQUE', 'MARTIN BRASAS', 'Natural'),
(376, 'JOSE VENANCIO', 'TUZ TAMAY', 'Natural'),
(377, 'JUAN MANUEL ', 'ARRIAGA CHAVEZ', 'Natural'),
(378, 'JOSE LUIS', 'UC POOT', 'Natural'),
(379, 'JUAN JOSE', 'CUPUL CHAN', 'Natural'),
(380, 'JOSE CARLOS', 'PUC PUC', 'Natural'),
(381, 'JOSE GUADALUPE', 'HAU CHAN', 'Natural'),
(382, 'KARINA CORAIMA', 'MAY HAU', 'Natural'),
(383, 'KARELI YULISA', 'GONZALEZ COCOM', 'Natural'),
(384, 'LETICIA', 'QUETZ', 'Natural'),
(385, 'LESLI', 'NAHUAT NOH', 'Natural'),
(386, 'LORENZO', 'MARTIN CUPUL', 'Natural'),
(387, 'LORENZO', 'YAM', 'Natural'),
(388, 'LUIS FERNELI ', 'KUYOC DZIB', 'Natural'),
(389, 'LUIS HUMBERTO', 'KUYOC CHAN', 'Natural'),
(390, 'LUIS ARGENIS', 'CHAN MEDINA', 'Natural'),
(391, 'LILI', 'CASTRO PERERA', 'Natural'),
(392, 'LETICIA', 'CHAN CANCHE', 'Natural'),
(393, 'LUIS ALFREDO', 'ALFREDO KUYOC CHAN', 'Natural'),
(394, 'LUIS', 'CEN CHAN', 'Natural'),
(395, 'LUIS ALEJANDRO', 'BE MAY', 'Natural'),
(396, 'LEONIDES', 'CHAN', 'Natural'),
(397, 'LUCIA', 'CUPUL', 'Natural'),
(398, 'LUCIA', 'NAHUAT', 'Natural'),
(399, 'LUCIO', 'CHI CANCHE', 'Natural'),
(400, 'LORENZO', 'TAMAY CHAN', 'Natural'),
(401, 'LEOBIJILDO', 'CUPUL HAU', 'Natural'),
(402, 'LUIS', 'POOT', 'Natural'),
(403, 'LUIS MIGUEL ', 'EUAN', 'Natural'),
(404, 'LORENZO', 'CHAN CANUL', 'Natural'),
(405, 'LIBORIO', 'CANO', 'Natural'),
(406, 'LIDIA MARIA', 'NOH BRISENO', 'Natural'),
(407, 'LUIS ALBERTO ', 'DUARTE BALAM', 'Natural'),
(408, 'LAURA', 'BE MAY', 'Natural'),
(409, 'MARIA LETICIA', 'TAMAY CANUL', 'Natural'),
(410, 'LANDI MARGARITA', 'CUPUL', 'Natural'),
(411, 'LIDIA LUCELY ', 'TUZ CHAN', 'Natural'),
(412, 'LEILA ESTHER', 'NAJERA ARGAEZ', 'Natural'),
(413, 'LUIS ALEJANDRO', 'GALINDO TAMAY', 'Natural'),
(414, 'LEODEGARIO', 'MELENDEZ', 'Natural'),
(415, 'LUIS ARMANDO', 'CUPUL CASTILLO', 'Natural'),
(416, 'LEIDY MARIA', 'HAU CHAN', 'Natural'),
(417, 'LUIS ANTONIO', 'UC WICAB', 'Natural'),
(418, 'LUIS ALFREDO', 'CASTRO CAHUM', 'Natural'),
(419, 'LUCIO', 'KUYOC CUPUL', 'Natural'),
(420, 'LUIS FERNELY', 'CIAU CAHUM', 'Natural'),
(421, 'LEYSI GRACIELA', 'CAN HAU', 'Natural'),
(422, 'LUIS ALEJANDRO', 'ALEJANDRO UC MAY', 'Natural'),
(423, 'LUIS MARTIN', 'CANUL GOMEZ', 'Natural'),
(424, 'LUIS ALBERTO', 'UC PUC', 'Natural'),
(425, 'LINDA ESTHER', 'MISS CAHUICH', 'Natural'),
(426, 'MANUEL ALBERTO', 'KUYOC CHAN', 'Natural'),
(427, 'MARIA MERCEDES', 'CANUL CANUL', 'Natural'),
(428, 'MIRIAM', 'CANTO TINAJ', 'Natural'),
(429, 'MANUELA DE JESUS', 'CUPUL CUPUL', 'Natural'),
(430, 'MANUEL GABRIEL ', 'CANCHE POOT', 'Natural'),
(431, 'MANUEL ', 'CANCHE DZIB', 'Natural'),
(432, 'MARIO BALAM', 'BALAM', 'Natural'),
(433, 'MIGUEL ANGEL ', 'CHOC CIAU', 'Natural'),
(434, 'MANUEL NATIVIDAD ', 'NOH DZIB', 'Natural'),
(435, 'MARCIAL ELIAN', 'CAAMAL', 'Natural'),
(436, 'MARTA DEISY ', 'CHI CANCHE', 'Natural'),
(437, 'MANUEL JESUS', 'KUYOC XOOC', 'Natural'),
(438, 'MARIA MEDINA', 'MEDINA', 'Natural'),
(439, 'MARIA ESTELA ', 'CAAMAL MAY', 'Natural'),
(440, 'MARIA CRISTINA', 'CAAMAL', 'Natural'),
(441, 'MARIANO ', 'CHAN CAHUM', 'Natural'),
(442, 'MAGDALENA ', 'CONTRERAS', 'Natural'),
(443, 'MARCIAL ', 'PUC TUT', 'Natural'),
(444, 'MARCELO', 'POOT', 'Natural'),
(445, 'MARIA', 'CANCHE CANCHE', 'Natural'),
(446, 'MARIANO', 'DZIB NAHUAT', 'Natural'),
(447, 'MANUEL DE JESUS ', 'CANCHE CUPUL', 'Natural'),
(448, 'MARGARITA', 'CANCHE DZIB', 'Natural'),
(449, 'MARCIAL', 'KUYOC CANCHE', 'Natural'),
(450, 'MIGUEL', 'DZIB KU', 'Natural'),
(451, 'MARTHA ', 'CANCHE DZIB', 'Natural'),
(452, 'MIGUEL ANGEL ', 'MAY WICAB', 'Natural'),
(453, 'MARIO', 'CHIMAL HAU', 'Natural'),
(454, 'MIGUEL', 'CEN CHAN', 'Natural'),
(455, 'MARIA JAZMIN', 'CHAN BALAM', 'Natural'),
(456, 'MALAQUIAS', 'WICAB ALCOCER', 'Natural'),
(457, 'MARIA BENITA', 'PAT MAY', 'Natural'),
(458, 'MAXIMILIANO', 'UC TUZ', 'Natural'),
(459, 'MARCELINO', 'WITZIL POOT', 'Natural'),
(460, 'MANUEL DE JESUS', 'DZIB NOVELO', 'Natural'),
(461, 'MAURICIO', 'CHAN CANUL', 'Natural'),
(462, 'MOISES', 'CANUL KU', 'Natural'),
(463, 'MARTHA BEATRIZ', 'CAHUM RUIZ', 'Natural'),
(464, 'MARCIAL', 'AY AGUILAR', 'Natural'),
(465, 'MANUEL JESUS ', 'CANUL KU', 'Natural'),
(466, 'MAXIMILIANO', 'POOL CHAN', 'Natural'),
(467, 'MARTINA', 'MAY', 'Natural'),
(468, 'MARTHA PATRICIA', 'CIMA CANUL ', 'Natural'),
(469, 'MARTHA PATRICIA', 'PAT KUXIN', 'Natural'),
(470, 'MARIA ELENA', 'CAHUM BE', 'Natural'),
(471, 'MARIA ESTHER', 'TUZ CAHUM', 'Natural'),
(472, 'MANUEL JES S', 'EUAN CAAMAL', 'Natural'),
(473, 'MARCIAL', 'CHAN CANCHE', 'Natural'),
(474, 'MISAEL', 'NAJERA PAT', 'Natural'),
(475, 'MARIA ADELAIDA', 'CANUL KUYOC', 'Natural'),
(476, 'MARIA JOSEFINA', 'HAU NAHUAT', 'Natural'),
(477, 'MAXIMO', 'HOIL HAU', 'Natural'),
(478, 'DANIEL(molino)', 'HOIL ', 'Natural'),
(479, 'MARIA RUFINA', 'BALAM DZIB', 'Natural'),
(480, 'MIGUEL ANGEL', 'CEN CANCHE', 'Natural'),
(481, 'MARIANO', 'PECH MOO', 'Natural'),
(482, 'MARGARITO', 'POOT POOL', 'Natural'),
(483, 'MANUEL', 'CEN CHAN', 'Natural'),
(484, 'MODESTO', 'CHAN MOO', 'Natural'),
(485, 'MARCO ANTONIO', 'CUPUL KU', 'Natural'),
(486, 'MARIA ALICIA', 'CIAU CAHUM', 'Natural'),
(487, 'MIGUEL', 'CHAN CANUL', 'Natural'),
(488, 'MANUEL EDUARDO', 'NAHUAT', 'Natural'),
(489, 'MARIA TERESA', 'CHAN BALAM', 'Natural'),
(490, 'MARIO ROSENDO', 'CHIMAL NAHUAT', 'Natural'),
(491, 'MATILDE', 'CAAMAL CANUL', 'Natural'),
(492, 'MAXIMILIANO', 'CIAU CHAN', 'Natural'),
(493, 'MANUEL ALEJANDRO', 'WICAB CANCHE', 'Natural'),
(494, 'MARTINA', 'POOT CHIMAL', 'Natural'),
(495, 'MAR A LUCIA', 'HAU CANCHE', 'Natural'),
(496, 'MAGDALENA', 'CHAN YAM', 'Natural'),
(497, 'MANUEL', 'LAZARO PECH', 'Natural'),
(498, 'MARIA ELIDE', 'POOT MAY', 'Natural'),
(499, 'MARCOS ENRIQUE', 'AY CHOC', 'Natural'),
(500, 'MAR A JUSTINA', 'CANCHE DZIB', 'Natural'),
(501, 'MARIA DEL ROSARIO', 'CHAN CHIMAL', 'Natural'),
(502, 'MILCA REBECA', 'UC CANCHE', 'Natural'),
(503, 'MARGARITA', 'POOT PECH', 'Natural'),
(504, 'MISAEL EPIFANIO', 'ARGAEZ', 'Natural'),
(505, 'MANUEL', 'GUTIERREZ', 'Natural'),
(506, 'MAGDALENA', 'WICAB A', 'Natural'),
(507, 'MARCIAL', 'TUZ TAMAY', 'Natural'),
(508, 'MARTHA PATRICIA', 'BALAM VIDAL', 'Natural'),
(509, 'MARIA MERCEDES', 'CUZAN CUPUL ', 'Natural'),
(510, 'MIGUEL ANGEL', 'KUYOC CAHUM', 'Natural'),
(511, 'MARIA MAGDALENA', 'GOMEZ CANO', 'Natural'),
(512, 'MARIO ALBERTO', 'CANUL CANUL', 'Natural'),
(513, 'MARIA LURDES', 'CAAMAL TINAJ', 'Natural'),
(514, 'MAURO', 'LIZAMA BE', 'Natural'),
(515, 'MARTIN ADALBERTO', 'CANUL', 'Natural'),
(516, 'MAGDALENA', 'VIDAL BALAM', 'Natural'),
(517, 'MARIA JULIA', 'WICAB CANCHE', 'Natural'),
(518, 'MARCO ANTONIO', 'CHAN CANUL', 'Natural'),
(519, 'MARIA LOURDES', 'NOH DZIB', 'Natural'),
(520, 'MARIA LOURDES', 'CANUL TUZ', 'Natural'),
(521, 'MARIO ARMIN', 'MAY MEDINA', 'Natural'),
(522, 'FLORENCIO', 'NAHUAT NOH', 'Natural'),
(523, 'MARIA LUISA', 'NAHUAT CHAN', 'Natural'),
(524, 'MARIA ELENA', 'CANCHE CHIMAL', 'Natural'),
(525, 'MARIA', 'CHAN MOO', 'Natural'),
(526, 'MARIANO', 'CHAN', 'Natural'),
(527, 'MARIA CATALINA', 'CHAN PUC', 'Natural'),
(528, 'MARIA JOSE ', 'NOH CHAN', 'Natural'),
(529, 'MARIA', 'CHAN NOH', 'Natural'),
(530, 'MARIA HOLGA', 'CANUL POOT', 'Natural'),
(531, 'MARGARITA', 'DZUL PAT', 'Natural'),
(532, 'MARIA VICTORIA ', 'CHAN COB', 'Natural'),
(533, 'MIGUEL ANGEL', 'KUYOC TUZ', 'Natural'),
(534, 'MANUELA DE JESUS ', 'CHAN BALAM', 'Natural'),
(535, 'MARIA MAVIMENA', 'CAHUM TUZ', 'Natural'),
(536, 'MARIA MANUELA', 'NAHUAT GUTIERREZ', 'Natural'),
(537, 'MARIA AUTORA', 'CAHUM PUC', 'Natural'),
(538, 'MARIANO ', 'PECH CETZAL', 'Natural'),
(539, 'MARIA ELENA', 'CANCHE CHAN', 'Natural'),
(540, 'MIRELLA', 'CANCHE CANCHE', 'Natural'),
(541, 'MANUEL ALBERTO', 'KUYOC CHAN', 'Natural'),
(542, 'MANUEL', 'ESTRADA GUTI RREZ', 'Natural'),
(543, 'MARIO', 'CANCHE BAAS', 'Natural'),
(544, 'NORMA', 'GUADALUPE NAHUAT', 'Natural'),
(545, 'NEMIAS', 'ABAN CIMA', 'Natural'),
(546, 'NANCY DE JESUS', 'CAAMAL', 'Natural'),
(547, 'NATALIA', 'DZIB MAY', 'Natural'),
(548, 'NORBERTO', 'CANUL TEJERO ', 'Natural'),
(549, 'NAZARIO', 'CHAN TUZ', 'Natural'),
(550, 'NICACIO', 'CHAN CANUL', 'Natural'),
(551, 'NATALIA', 'MAY TAMAY ', 'Natural'),
(552, 'NEMESIO', 'TAMAY POOT', 'Natural'),
(553, 'NELY MARICRUZ', 'NAJERA ARGAEZ', 'Natural'),
(554, 'PATRICIA', 'UC CHAN', 'Natural'),
(555, 'PABLO', 'KUYOC CANCHE', 'Natural'),
(556, 'PABLO A ', 'CANUL KU', 'Natural'),
(557, 'PONCIANO', 'NAHUAT', 'Natural'),
(558, 'PEDRO', 'WICAB CUPUL', 'Natural'),
(559, 'ANA ', 'EDALID RAMOS', 'Natural'),
(560, 'PASCUAL', 'PUC PECH', 'Natural'),
(561, 'PLUTARCO', 'TUZ CHULIM', 'Natural'),
(562, 'PASCUAL ', 'CAHUM PUC', 'Natural'),
(563, 'PEDRO', 'BALAM MAY', 'Natural'),
(564, 'PASCUAL', 'CHAN BALAM', 'Natural'),
(565, 'PASCUAL ', 'CUPUL CHAN', 'Natural'),
(566, 'PLUTARCO', 'TUZ HAU', 'Natural'),
(567, 'PAULINA ', 'ARGAEZ BALAM', 'Natural'),
(568, 'PORFIRIO', 'CANUL CEN', 'Natural'),
(569, 'POLICARPIO ', 'WICAB CUPUL', 'Natural'),
(570, 'PEDRO', 'MAY NOH', 'Natural'),
(571, 'PEREGRINO', 'DZIB MAY', 'Natural'),
(572, 'PASCUALA', 'CANCHE CANCHE', 'Natural'),
(573, 'PAULINO', 'UC PAT', 'Natural'),
(574, 'PRECILIANO', 'CANUL KU', 'Natural'),
(575, 'PEDRO', 'WICAB ALCOCER', 'Natural'),
(578, 'PASCUAL', 'CUPUL CUPUL', 'Natural'),
(579, 'PEDRO', 'PECH MOO ', 'Natural'),
(580, 'PEDRO ANGEL', 'BALAM POOT', 'Natural'),
(581, 'PABLO', 'CANCHE AGUILAR', 'Natural'),
(582, 'PEDRO PABLO', 'PUC TUT', 'Natural'),
(583, 'PEDRO', 'BALAM CAHUM ', 'Natural'),
(584, 'PAULINA', 'GOMEZ', 'Natural'),
(585, 'PABLO DE LA CRUZ ', 'PAT CAAMAL', 'Natural'),
(586, 'PEDRO PABLO', 'BALAM VIDAL', 'Natural'),
(587, 'PEDRO PABLO ', 'KUYOC HAU', 'Natural'),
(588, 'PASCUAL', 'CANUL KUYOC', 'Natural'),
(589, 'PEDRO', 'PELAYO YAM', 'Natural'),
(590, 'RIGOBERTO', 'KUYOC DZIB', 'Natural'),
(591, 'RUPERTO', 'DZIB', 'Natural'),
(592, 'REYNALDO', 'POOT CHAN', 'Natural'),
(593, 'ROQUE', 'SANCHEZ CANCHE', 'Natural'),
(594, 'RAUL', 'CANCHE DZIB', 'Natural'),
(595, 'REYNALDO', 'WITZIL', 'Natural'),
(596, 'ROGELIO', 'PECH MOO', 'Natural'),
(597, 'RAFAEL', 'PUC TUZ', 'Natural'),
(598, 'RENATO', 'NAJERA', 'Natural'),
(599, 'ROMUALDO', 'CHAN MOO', 'Natural'),
(600, 'RAUL', 'CHAN CIAU', 'Natural'),
(601, 'RAFAEL', 'AY CANCHE', 'Natural'),
(602, 'ROGER', 'SANCHEZ NAJERA ', 'Natural'),
(603, 'REBECA ABIGAIL ', 'PUC CAHUM', 'Natural'),
(604, 'ROGER', 'DZIB CHAN', 'Natural'),
(605, 'ROQUE JACINTO', 'TAMAY KU', 'Natural'),
(606, 'RAMON', 'UC', 'Natural'),
(607, 'ROSA', 'CHAN CANCHE', 'Natural'),
(608, 'REGINA', 'MEDINA TUZ', 'Natural'),
(609, 'ROSAURA', 'UC PUC', 'Natural'),
(610, 'ROSA', 'CANUL KU', 'Natural'),
(611, 'ROLANDO', 'FRIAS', 'Natural'),
(612, 'ROGER DAVID', 'CUPUL DZIB', 'Natural'),
(613, 'ROLANDO JONAS', 'ARGAEZ BALAM', 'Natural'),
(614, 'RUBI', 'SELENE PELAYO', 'Natural'),
(615, 'ROSENDO', 'YAM PUC', 'Natural'),
(616, 'RUB N DARIO', 'CHAN MOO', 'Natural'),
(617, 'ROSA AIDE', 'CIMA CANUL', 'Natural'),
(618, 'ROSA PATRICIA', 'POOT MAY', 'Natural'),
(619, 'ROQUE', 'MARTINEZ ACOSTA', 'Natural'),
(620, 'RODOLFO ', 'CANCHE HOIL', 'Natural'),
(621, 'RUBELA', 'HAU DZIB', 'Natural'),
(622, 'ROGER', 'KUYOC TUZ', 'Natural'),
(623, 'SECUNDINA ', 'TUZ DZIB', 'Natural'),
(624, 'SARAI OSIRIS', 'POOT MAY', 'Natural'),
(625, 'SANTOS', 'PUC CHAN', 'Natural'),
(626, 'SERGIO', 'VASQUEZ', 'Natural'),
(627, 'SERGIO', 'CHAN', 'Natural'),
(628, 'SERGIO MISAEL', 'WICAB ARGAEZ', 'Natural'),
(629, 'SEVERO', 'CHAN CHULIM', 'Natural'),
(630, 'SERAFINA', 'CHAN CHULIM', 'Natural'),
(631, 'SANTIAGO', 'KUYOC HAU', 'Natural'),
(632, 'SILVINO', 'BALAM POOT', 'Natural'),
(633, 'SIXTO', 'POOT', 'Natural'),
(634, 'SAUL EDJASE', 'ARGAEZ HAU', 'Natural'),
(635, 'SAMUEL ', 'NOH NOVELO', 'Natural'),
(636, 'SILVIA', 'MAY MAY', 'Natural'),
(637, 'SANTOS', 'CHAN CUPUL', 'Natural'),
(638, 'SERGIO', 'MAY HAU', 'Natural'),
(639, 'SALOMON', 'RAMOS CRUZ', 'Natural'),
(640, 'SALON DEL REYNO', 'DEL REYNO', 'parroquia o congregacion'),
(641, 'SUGAR', 'PECH', 'Natural'),
(642, 'SANTOS', 'CAHUM CIMA', 'Natural'),
(643, 'SATURDINA', 'TUZ DZIB', 'Natural'),
(644, 'SANDRA', 'CHAN NAJERA', 'Natural'),
(645, 'TOMAS', 'HAU MAY', 'Natural'),
(646, 'TELMA MARIA ', 'SANCHEZ', 'Natural'),
(647, 'TEMPLO PRESBITERIANO', 'PRESBITERIANO', 'parroquia o congregacion'),
(648, 'TIBURCIO', 'TUZ CAHUM', 'Natural'),
(649, 'TEMPLO APOSENTO ALTO', 'APOSENTO ALTO', 'parroquia o congregacion'),
(650, 'TERESA', 'UC WICAB', 'Natural'),
(651, 'TEMPLO SEPTIMO DIA', 'SEPTIMO DIA', 'parroquia o congregacion'),
(652, 'TOMAS', 'CHAN HAU', 'Natural'),
(653, 'TEOFILO', 'CUPUL MAY', 'Natural'),
(654, 'TEOFILO', 'CUPUL CHUC', 'Natural'),
(655, 'TANIA', 'DZIB CHAN', 'Natural'),
(656, 'TINGLE', 'MAY HEISTON', 'Natural'),
(657, 'URIEL ELISEO', 'UICAB CANCHE', 'Natural'),
(658, 'VITALIANO ', 'UC CANUL', 'Natural'),
(659, 'VIRGILIO', 'CAHUM KUMUL ', 'Natural'),
(660, 'VICTOR MODESTO', 'CUPUL CHOC', 'Natural'),
(661, 'VICTORIA', 'CHAN BALAM', 'Natural'),
(662, 'VENANCIO', 'CANO CANTUN', 'Natural'),
(663, 'VALENTIN', 'PUC', 'Natural'),
(664, 'VICTOR FRANCISCO', 'BALAM', 'Natural'),
(665, 'VICTOR', 'CAAMAL CANO', 'Natural'),
(666, 'VALERIO', 'TUZ HAU', 'Natural'),
(667, 'VICTORIANO', 'ITZA', 'Natural'),
(668, 'VICTOR MAURICIO', 'CHAN CANUL', 'Natural'),
(669, 'VIRGINIA DEL ROSARIO', 'CAHUM RUIZ', 'Natural'),
(670, 'VICTOR MANUEL', 'BE CAB', 'Natural'),
(671, 'VICTOR', 'PUC TUZ', 'Natural'),
(672, 'VIRGILIO', 'UH WICAB', 'Natural'),
(673, 'VICTOR', 'TAMAY CANUL', 'Natural'),
(674, 'VALERIA', 'CAUICH BALAM', 'Natural'),
(675, 'VICTOR ALEJANDRO', 'CANCHE POOT', 'Natural'),
(676, 'WILIAN', 'CHAN CUPUL', 'Natural'),
(677, 'WILBERTH', 'COB CHAN', 'Natural'),
(678, 'WILBERTH DANIEL', 'CHIMAL M', 'Natural'),
(679, 'WILSON', 'CANUL SANCHEZ', 'Natural'),
(680, 'WILIAN ', 'WICAB TUZ', 'Natural'),
(681, 'WILBERTH', 'SAMUDIO', 'Natural'),
(682, 'WILMA VIRGINIA', 'COB ROSADO', 'Natural'),
(683, 'WILBERTH FLORENCIO ', 'CASTRO CEN ', 'Natural'),
(684, 'WILBERTH', 'ROLANDO TAMAY', 'Natural'),
(685, 'WILMA MARIA', 'PAT MAY', 'Natural'),
(686, 'YOSELI ', 'HOYA', 'Natural'),
(687, 'NIDIA YOLANDA', 'MADERA TUN', 'Natural'),
(688, 'JHONI ALEJANDRO', 'CANCHE POOT', 'Natural'),
(689, 'HEYDI', 'CEN UC', 'Natural'),
(690, 'WILSON ', 'SANCHEZ AY', 'Natural'),
(691, 'MARIA ESQUIVEL ', 'POOT CANCHE', 'Natural'),
(692, 'ROSA MARIA', 'CEN AY', 'Natural'),
(693, 'MANUEL CANDELARIO', 'KUYOC TUZ', 'Natural'),
(694, 'RODOLFO', 'HOIL CANCHE', 'Natural'),
(695, 'WENDY LUISA', 'MAY WICAB', 'Natural'),
(696, 'RODOLFO CHAN CAN', 'CHAN CAN', 'Natural'),
(697, 'ROMUALDO', 'CEN CHAN', 'Natural'),
(698, 'EDWIN GADIEL ', 'BALAM SOSA', 'Natural'),
(699, 'ALEXANDER ABRAHAN ', 'CANUL SANCHES', 'Natural'),
(700, 'JOSE LUIS', 'PUC PAT', 'Natural'),
(701, 'MARIA ELENA', 'POOT ESQUIVEL', 'Natural'),
(702, 'REBECA NOEMI ', 'CIAU WICAB', 'Natural'),
(703, 'MIGUEL', 'CHAN MEDINA', 'Natural'),
(704, 'PABLO', 'BALAM CAHUM', 'Natural'),
(705, 'MARCO ANTONIO ', 'WICAB CAAMAL', 'Natural'),
(706, 'MANUELA DE JESUS', 'CEN CHAN', 'Natural'),
(713, 'LARRY ISAI', 'POOT CAUICH', 'Natural'),
(715, 'MARIA INOCENCIA', 'CHAN BALAM', 'Natural'),
(716, 'ABRAHAN', 'TUZ NAJERA', 'Natural'),
(718, 'RODYY', 'TESSTT2', 'natural'),
(719, 'JASIEL ABIMAEL', 'EUAN CHI', 'Natural'),
(720, 'CYNDY ANAHY', 'ARGAEZ CIAU', 'Natural'),
(721, 'JOSE EDUARDO', 'CEN TUN', 'Natural'),
(722, 'ARMIN ABELARDO', 'KUYOC TUZ', 'Natural'),
(723, 'ELBERTH ASRIEL', 'ARGAEZ DUARTE', 'Natural'),
(725, 'JOSE ABRAM ', 'DZIB CHAN', 'Natural'),
(732, 'RODOLFO', 'CHAN AY', 'Natural');

-- --------------------------------------------------------

--
-- Estructura de tabla para la tabla `domicilios`
--

CREATE TABLE `domicilios` (
  `id_domicilio` int(11) NOT NULL,
  `id_contribuyente` int(11) NOT NULL,
  `id_tipo_de_servicio` int(11) DEFAULT NULL,
  `direccion` varchar(255) NOT NULL,
  `total_tomas` int(11) NOT NULL,
  `descripcion_domicilio` text NOT NULL,
  `estatus` text NOT NULL,
  `fecha_contrato` date NOT NULL
) ENGINE=InnoDB DEFAULT CHARSET=utf8mb4 COLLATE=utf8mb4_general_ci;

--
-- Volcado de datos para la tabla `domicilios`
--

INSERT INTO `domicilios` (`id_domicilio`, `id_contribuyente`, `id_tipo_de_servicio`, `direccion`, `total_tomas`, `descripcion_domicilio`, `estatus`, `fecha_contrato`) VALUES
(1, 1, 1, 'Dom.conocido', 1, '', 'Activo', '2024-01-01'),
(2, 2, 1, 'Dom.conocido', 1, '', 'Activo', '2024-01-01'),
(3, 3, 1, 'Dom.conocido', 1, '', 'Activo', '2024-01-01'),
(4, 4, 1, 'Dom.conocido', 1, '', 'Activo', '2024-01-01'),
(5, 5, 1, 'Dom.conocido', 1, '', 'Activo', '2024-01-01'),
(6, 6, 1, 'Dom.conocido', 1, '', 'Activo', '2024-01-01'),
(7, 7, 1, 'Dom.conocido', 1, '', 'Activo', '2024-01-01'),
(8, 8, 1, 'Dom.conocido', 1, '', 'Activo', '2024-01-01'),
(9, 9, 1, 'Dom.conocido', 1, '', 'Activo', '2024-01-01'),
(10, 10, 1, 'Dom.conocido', 1, '', 'Activo', '2024-01-01'),
(11, 11, 1, 'Dom.conocido', 1, '', 'Activo', '2024-01-01'),
(12, 12, 1, 'Dom.conocido', 1, '', 'Activo', '2024-01-01'),
(13, 13, 1, 'Dom.conocido', 1, '', 'Activo', '2024-01-01'),
(14, 14, 1, 'Dom.conocido', 1, '', 'Activo', '2024-01-01'),
(15, 15, 1, 'Dom.conocido', 1, '', 'Activo', '2024-01-01'),
(16, 16, 1, 'Dom.conocido', 1, '', 'Activo', '2024-01-01'),
(17, 17, 1, 'Dom.conocido', 1, '', 'Activo', '2024-01-01'),
(18, 18, 1, 'Dom.conocido', 2, '', 'Activo', '2024-01-01'),
(19, 19, 1, 'Dom.conocido', 1, '', 'Activo', '2024-01-01'),
(20, 20, 1, 'Dom.conocido', 1, '', 'Activo', '2024-01-01'),
(21, 21, 1, 'Dom.conocido', 1, '', 'Activo', '2024-01-01'),
(22, 22, 1, 'Dom.conocido', 1, '', 'Activo', '2024-01-01'),
(23, 23, 1, 'Dom.conocido', 1, '', 'Activo', '2024-01-01'),
(24, 24, 1, 'Dom.conocido', 1, '', 'Activo', '2024-01-01'),
(25, 25, 1, 'Dom.conocido', 1, '', 'Activo', '2024-01-01'),
(26, 26, 1, 'Dom.conocido', 1, '', 'Activo', '2024-01-01'),
(27, 27, 1, 'Dom.conocido', 1, '', 'Activo', '2024-01-01'),
(28, 28, 1, 'Dom.conocido', 1, '', 'Activo', '2024-01-01'),
(29, 29, 1, 'Dom.conocido', 1, '', 'Activo', '2024-01-01'),
(30, 30, 1, 'Dom.conocido', 1, '', 'Activo', '2024-01-01'),
(31, 31, 1, 'Dom.conocido', 1, '', 'Activo', '2024-01-01'),
(32, 32, 1, 'Dom.conocido', 1, '', 'Activo', '2024-01-01'),
(33, 33, 1, 'Dom.conocido', 1, '', 'Activo', '2024-01-01'),
(34, 34, 1, 'Dom.conocido', 1, '', 'Activo', '2024-01-01'),
(35, 35, 1, 'Dom.conocido', 1, '', 'Activo', '2024-01-01'),
(36, 36, 1, 'Dom.conocido', 1, '', 'Activo', '2024-01-01'),
(37, 37, 1, 'Dom.conocido', 1, '', 'Activo', '2024-01-01'),
(38, 38, 1, 'Dom.conocido', 1, '', 'Activo', '2024-01-01'),
(39, 39, 1, 'Dom.conocido', 1, '', 'Activo', '2024-01-01'),
(40, 40, 1, 'Dom.conocido', 1, '', 'Activo', '2024-01-01'),
(41, 41, 1, 'Dom.conocido', 1, '', 'Activo', '2024-01-01'),
(42, 42, 1, 'Dom.conocido', 1, '', 'Activo', '2024-01-01'),
(43, 43, 1, 'Dom.conocido', 1, '', 'Activo', '2024-01-01'),
(44, 44, 1, 'Dom.conocido', 1, '', 'Activo', '2024-01-01'),
(45, 45, 1, 'Dom.conocido', 1, '', 'Activo', '2024-01-01'),
(46, 46, 1, 'Dom.conocido', 1, '', 'Activo', '2024-01-01'),
(47, 47, 1, 'Dom.conocido', 1, '', 'Activo', '2024-01-01'),
(48, 48, 1, 'Dom.conocido', 2, 'mismo domicilio de las tomas', 'Activo', '2024-01-01'),
(49, 49, 1, 'Dom.conocido', 1, '', 'Activo', '2024-01-01'),
(50, 50, 1, 'Dom.conocido', 1, '', 'Activo', '2024-01-01'),
(51, 51, 1, 'Dom.conocido', 1, '', 'Activo', '2024-01-01'),
(52, 52, 1, 'Dom.conocido', 1, '', 'Activo', '2024-01-01'),
(53, 53, 1, 'Dom.conocido', 1, '', 'Activo', '2024-01-01'),
(54, 54, 1, 'Dom.conocido', 1, '', 'Activo', '2024-01-01'),
(55, 55, 1, 'Dom.conocido', 1, '', 'Activo', '2024-01-01'),
(56, 56, 1, 'Dom.conocido', 1, '', 'Activo', '2024-01-01'),
(57, 57, 1, 'Dom.conocido', 1, '', 'Activo', '2024-01-01'),
(58, 58, 1, 'Dom.conocido', 1, '', 'Activo', '2024-01-01'),
(59, 59, 1, 'Dom.conocido', 1, '', 'Activo', '2024-01-01'),
(60, 60, 1, 'Dom.conocido', 1, '', 'Activo', '2024-01-01'),
(61, 61, 1, 'Dom.conocido', 1, '', 'Activo', '2024-01-01'),
(62, 62, 1, 'Dom.conocido', 1, '', 'Activo', '2024-01-01'),
(63, 63, 1, 'Dom.conocido', 1, '', 'Activo', '2024-01-01'),
(64, 64, 1, 'Dom.conocido', 1, '', 'Activo', '2024-01-01'),
(65, 65, 1, 'Dom.conocido', 1, '', 'Activo', '2024-01-01'),
(66, 66, 1, 'Dom.conocido', 1, '', 'Activo', '2024-01-01'),
(67, 67, 1, 'Dom.conocido', 1, '', 'Activo', '2024-01-01'),
(68, 68, 1, 'Dom.conocido', 1, '', 'Activo', '2024-01-01'),
(69, 69, 1, 'Dom.conocido', 1, '', 'Activo', '2024-01-01'),
(70, 70, 1, 'Dom.conocido', 1, '', 'Activo', '2024-01-01'),
(71, 71, 1, 'Dom.conocido', 1, '', 'Activo', '2024-01-01'),
(72, 72, 1, 'Dom.conocido', 1, '', 'Activo', '2024-01-01'),
(73, 73, 1, 'Dom.conocido', 1, '', 'Activo', '2024-01-01'),
(74, 74, 1, 'Dom.conocido', 1, '', 'Activo', '2024-01-01'),
(75, 75, 1, 'Dom.conocido', 1, '', 'Activo', '2024-01-01'),
(76, 76, 1, 'Dom.conocido', 1, '', 'Activo', '2024-01-01'),
(77, 77, 1, 'Dom.conocido', 1, '', 'Activo', '2024-01-01'),
(78, 78, 1, 'Dom.conocido', 1, '', 'Activo', '2024-01-01'),
(79, 79, 1, 'Dom.conocido', 1, '', 'Activo', '2024-01-01'),
(80, 80, 1, 'Dom.conocido', 1, '', 'Activo', '2024-01-01'),
(81, 81, 1, 'Dom.conocido', 1, '', 'Activo', '2024-01-01'),
(82, 82, 1, 'Dom.conocido', 1, '', 'Activo', '2024-01-01'),
(83, 83, 1, 'Dom.conocido', 1, '', 'Activo', '2024-01-01'),
(84, 84, 1, 'Dom.conocido', 1, '', 'Activo', '2024-01-01'),
(85, 85, 1, 'Dom.conocido', 1, '', 'Activo', '2024-01-01'),
(86, 86, 1, 'Dom.conocido', 1, '', 'Activo', '2024-01-01'),
(87, 87, 1, 'Dom.conocido', 1, '', 'Activo', '2024-01-01'),
(88, 88, 1, 'Dom.conocido', 1, '', 'Activo', '2024-01-01'),
(89, 89, 1, 'Dom.conocido', 1, '', 'Activo', '2024-01-01'),
(90, 90, 1, 'Dom.conocido', 2, '', 'Activo', '2024-01-01'),
(91, 91, 1, 'Dom.conocido', 1, '', 'Activo', '2024-01-01'),
(92, 92, 1, 'Dom.conocido', 1, '', 'Activo', '2024-01-01'),
(93, 93, 1, 'Dom.conocido', 1, '', 'Activo', '2024-01-01'),
(94, 94, 1, 'Dom.conocido', 1, '', 'Activo', '2024-01-01'),
(95, 95, 1, 'Dom.conocido', 1, '', 'Activo', '2024-01-01'),
(96, 96, 1, 'Dom.conocido', 1, '', 'Activo', '2024-01-01'),
(97, 97, 1, 'Dom.conocido', 1, '', 'Activo', '2024-01-01'),
(98, 98, 1, 'Dom.conocido', 1, '', 'Activo', '2024-01-01'),
(99, 99, 1, 'Dom.conocido', 1, '', 'Activo', '2024-01-01'),
(100, 100, 1, 'Dom.conocido', 1, '', 'Activo', '2024-01-01'),
(101, 101, 1, 'Dom.conocido', 1, '', 'Activo', '2024-01-01'),
(102, 102, 1, 'Dom.conocido', 1, '', 'Activo', '2024-01-01'),
(103, 103, 1, 'Dom.conocido', 1, '', 'Activo', '2024-01-01'),
(104, 104, 1, 'Dom.conocido', 1, '', 'Activo', '2024-01-01'),
(105, 105, 1, 'calle 18 x 29', 1, 'llendo por panaderia', 'Activo', '2024-01-01'),
(106, 106, 1, 'Dom.conocido', 1, '', 'Activo', '2024-01-01'),
(107, 107, 1, 'Dom.conocido', 1, '', 'Activo', '2024-01-01'),
(108, 108, 1, 'Dom.conocido', 1, '', 'Activo', '2024-01-01'),
(109, 109, 1, 'Dom.conocido', 1, 'Campo Deportivo', 'Activo', '2024-01-01'),
(110, 109, 1, 'Dom.conocido', 1, ' Colonia Santa Clara', 'Activo', '2024-01-01'),
(111, 110, 1, 'Dom.conocido', 1, '', 'Activo', '2024-01-01'),
(112, 111, 1, 'Dom.conocido', 1, '', 'Activo', '2024-01-01'),
(113, 112, 1, 'Dom.conocido', 1, '', 'Activo', '2024-01-01'),
(114, 113, 1, 'Dom.conocido', 1, '', 'Activo', '2024-01-01'),
(115, 114, 1, 'Dom.conocido', 1, '', 'Activo', '2024-01-01'),
(116, 115, 1, 'Dom.conocido', 1, '', 'Activo', '2024-01-01'),
(117, 116, 1, 'Dom.conocido', 1, '', 'Activo', '2024-01-01'),
(118, 117, 1, 'Dom.conocido', 1, '', 'Activo', '2024-01-01'),
(119, 118, 1, 'Dom.conocido', 1, '', 'Activo', '2024-01-01'),
(120, 119, 1, 'Dom.conocido', 1, '', 'Activo', '2024-01-01'),
(121, 120, 1, 'Dom.conocido', 1, '', 'Activo', '2024-01-01'),
(122, 121, 1, 'Dom.conocido', 1, '', 'Activo', '2024-01-01'),
(123, 122, 1, 'Dom.conocido', 1, '', 'Baja', '2024-01-01'),
(124, 123, 1, 'Dom.conocido', 1, '', 'Activo', '2024-01-01'),
(125, 124, 1, 'Dom.conocido', 1, '', 'Activo', '2024-01-01'),
(126, 125, 1, 'Dom.conocido', 1, '', 'Activo', '2024-01-01'),
(127, 126, 1, 'Dom.conocido', 1, '', 'Activo', '2024-01-01'),
(128, 127, 1, 'Dom.conocido', 1, '', 'Baja', '2024-01-01'),
(129, 128, 1, 'Dom.conocido', 1, '', 'Activo', '2024-01-01'),
(130, 129, 1, 'Dom.conocido', 1, '', 'Activo', '2024-01-01'),
(131, 130, 1, 'Dom.conocido', 1, '', 'Activo', '2024-01-01'),
(132, 131, 1, 'Dom.conocido', 1, '', 'Activo', '2024-01-01'),
(133, 132, 1, 'Dom.conocido', 1, '', 'Activo', '2024-01-01'),
(134, 133, 1, 'Dom.conocido', 1, '', 'Activo', '2024-01-01'),
(135, 134, 1, 'Dom.conocido', 1, '', 'Activo', '2024-01-01'),
(136, 135, 1, 'Dom.conocido', 1, '', 'Activo', '2024-01-01'),
(137, 136, 1, 'Dom.conocido', 1, '', 'Activo', '2024-01-01'),
(138, 137, 1, 'Dom.conocido', 1, '', 'Activo', '2024-01-01'),
(139, 138, 1, 'Dom.conocido', 1, '', 'Activo', '2024-01-01'),
(140, 139, 1, 'Dom.conocido', 1, '', 'Activo', '2024-01-01'),
(141, 140, 1, 'Dom.conocido', 1, '', 'Activo', '2024-01-01'),
(142, 141, 1, 'Dom.conocido', 1, '', 'Activo', '2024-01-01'),
(143, 142, 1, 'Dom.conocido', 2, 'tomas en el mismo domicilio', 'Activo', '2024-01-01'),
(144, 143, 1, 'Dom.conocido', 1, '', 'Baja', '2024-01-01'),
(145, 144, 1, 'Dom.conocido', 1, '', 'Activo', '2024-01-01'),
(146, 145, 1, 'Dom.conocido', 1, '', 'Activo', '2024-01-01'),
(147, 146, 1, 'Dom.conocido', 1, '', 'Activo', '2024-01-01'),
(148, 147, 1, 'Dom.conocido', 1, '', 'Activo', '2024-01-01'),
(149, 148, 1, 'Dom.conocido', 1, '', 'Activo', '2024-01-01'),
(150, 149, 1, 'Dom.conocido', 1, '', 'Activo', '2024-01-01'),
(151, 150, 1, 'Dom.conocido', 1, '', 'Activo', '2024-01-01'),
(152, 151, 1, 'Dom.conocido', 1, '', 'Baja', '2024-01-01'),
(153, 152, 1, 'Dom.conocido', 1, '', 'Activo', '2024-01-01'),
(154, 153, 1, 'Dom.conocido', 1, '', 'Activo', '2024-01-01'),
(155, 154, 1, 'Dom.conocido', 1, '', 'Activo', '2024-01-01'),
(156, 155, 1, 'Dom.conocido', 1, '', 'Activo', '2024-01-01'),
(157, 156, 1, 'Dom.conocido', 1, '', 'Activo', '2024-01-01'),
(158, 157, 1, 'Dom.conocido', 1, '', 'Activo', '2024-01-01'),
(159, 158, 1, 'Dom.conocido', 1, '', 'Activo', '2024-01-01'),
(160, 159, 1, 'Dom.conocido', 1, '', 'Activo', '2024-01-01'),
(161, 160, 1, 'Dom.conocido', 1, '', 'Activo', '2024-01-01'),
(162, 161, 1, 'Dom.conocido', 1, '', 'Activo', '2024-01-01'),
(163, 162, 1, 'Dom.conocido', 1, '', 'Activo', '2024-01-01'),
(164, 163, 1, 'Dom.conocido', 1, '', 'Activo', '2024-01-01'),
(165, 164, 1, 'Dom.conocido', 1, '', 'Activo', '2024-01-01'),
(166, 165, 1, 'Dom.conocido', 1, '', 'Activo', '2024-01-01'),
(167, 166, 1, 'Dom.conocido', 1, '', 'Activo', '2024-01-01'),
(168, 167, 1, 'Dom.conocido', 1, '', 'Activo', '2024-01-01'),
(169, 168, 1, 'Dom.conocido', 1, '', 'Activo', '2024-01-01'),
(170, 169, 1, 'Dom.conocido', 1, '', 'Activo', '2024-01-01'),
(171, 170, 1, 'Dom.conocido', 1, '', 'Activo', '2024-01-01'),
(172, 171, 1, 'Dom.conocido', 1, '', 'Activo', '2024-01-01'),
(173, 172, 1, 'Dom.conocido', 1, '', 'Activo', '2024-01-01'),
(174, 173, 1, 'Dom.conocido', 1, '', 'Activo', '2024-01-01'),
(175, 174, 1, 'Dom.conocido', 1, '', 'Activo', '2024-01-01'),
(176, 175, 1, 'Dom.conocido', 1, '', 'Activo', '2024-01-01'),
(177, 176, 1, 'Dom.conocido', 1, '', 'Activo', '2024-01-01'),
(178, 177, 1, 'Dom.conocido', 1, '', 'Activo', '2024-01-01'),
(179, 178, 1, 'Dom.conocido', 1, '', 'Activo', '2024-01-01'),
(180, 179, 1, 'Dom.conocido', 1, '', 'Activo', '2024-01-01'),
(181, 180, 1, 'Dom.conocido', 1, '', 'Activo', '2024-01-01'),
(182, 181, 1, 'Dom.conocido', 1, '', 'Activo', '2024-01-01'),
(183, 182, 1, 'Dom.conocido', 1, '', 'Activo', '2024-01-01'),
(184, 183, 1, 'Dom.conocido', 1, '', 'Activo', '2024-01-01'),
(185, 184, 1, 'Dom.conocido', 1, '', 'Activo', '2024-01-01'),
(186, 185, 1, 'Dom.conocido', 1, '', 'Activo', '2024-01-01'),
(187, 186, 1, 'Dom.conocido', 1, '', 'Activo', '2024-01-01'),
(188, 187, 1, 'Dom.conocido', 1, '', 'Activo', '2024-01-01'),
(189, 188, 1, 'Dom.conocido', 1, '', 'Activo', '2024-01-01'),
(190, 189, 1, 'Dom.conocido', 1, '', 'Activo', '2024-01-01'),
(191, 190, 1, 'Dom.conocido', 1, '', 'Activo', '2024-01-01'),
(192, 191, 1, 'Dom.conocido', 1, '', 'Activo', '2024-01-01'),
(193, 192, 1, 'Dom.conocido', 1, '', 'Activo', '2024-01-01'),
(194, 193, 1, 'Dom.conocido', 1, '', 'Activo', '2024-01-01'),
(195, 194, 1, 'Dom.conocido', 1, '', 'Activo', '2024-01-01'),
(196, 195, 1, 'Dom.conocido', 1, '', 'Activo', '2024-01-01'),
(197, 196, 1, 'Dom.conocido', 1, '', 'Activo', '2024-01-01'),
(198, 197, 1, 'Dom.conocido', 1, '', 'Activo', '2024-01-01'),
(199, 198, 1, 'Dom.conocido', 1, '', 'Activo', '2024-01-01'),
(200, 199, 1, 'Dom.conocido', 1, '', 'Activo', '2024-01-01'),
(201, 200, 1, 'Dom.conocido', 1, '', 'Activo', '2024-01-01'),
(202, 201, 1, 'Dom.conocido', 1, '', 'Activo', '2024-01-01'),
(203, 202, 1, 'Dom.conocido', 1, '', 'Activo', '2024-01-01'),
(204, 203, 1, 'Dom.conocido', 1, '', 'Activo', '2024-01-01'),
(205, 204, 1, 'Dom.conocido', 1, '', 'Activo', '2024-01-01'),
(206, 205, 1, 'Dom.conocido', 1, '', 'Activo', '2024-01-01'),
(207, 206, 1, 'Dom.conocido', 1, '', 'Activo', '2024-01-01'),
(208, 207, 1, 'Dom.conocido', 1, '', 'Activo', '2024-01-01'),
(209, 208, 1, 'Dom.conocido', 1, '', 'Activo', '2024-01-01'),
(210, 209, 1, 'Dom.conocido', 1, '', 'Activo', '2024-01-01'),
(211, 210, 1, 'Dom.conocido', 1, '', 'Activo', '2024-01-01'),
(212, 211, 1, 'Dom.conocido', 1, '', 'Activo', '2024-01-01'),
(213, 212, 1, 'Dom.conocido', 1, '', 'Activo', '2024-01-01'),
(214, 213, 1, 'Dom.conocido', 1, '', 'Activo', '2024-01-01'),
(215, 214, 1, 'Dom.conocido', 1, '', 'Activo', '2024-01-01'),
(216, 215, 1, 'Dom.conocido', 1, '', 'Activo', '2024-01-01'),
(217, 216, 1, 'Dom.conocido', 1, '', 'Activo', '2024-01-01'),
(218, 217, 1, 'Dom.conocido', 1, '', 'Activo', '2024-01-01'),
(219, 218, 1, 'Dom.conocido', 1, '', 'Activo', '2024-01-01'),
(220, 219, 1, 'Dom.conocido', 1, '', 'Activo', '2024-01-01'),
(221, 220, 1, 'Dom.conocido', 1, '', 'Activo', '2024-01-01'),
(222, 221, 1, 'Dom.conocido', 1, '', 'Activo', '2024-01-01'),
(223, 222, 1, 'Dom.conocido', 1, '', 'Activo', '2024-01-01'),
(224, 223, 1, 'Dom.conocido', 1, '', 'Activo', '2024-01-01'),
(225, 224, 1, 'Dom.conocido', 1, '', 'Activo', '2024-01-01'),
(226, 225, 1, 'Dom.conocido', 1, '', 'Activo', '2024-01-01'),
(227, 226, 1, 'Dom.conocido', 1, '', 'Activo', '2024-01-01'),
(228, 227, 1, 'Dom.conocido', 1, '', 'Activo', '2024-01-01'),
(229, 228, 1, 'Dom.conocido', 1, '', 'Activo', '2024-01-01'),
(230, 229, 1, 'Dom.conocido', 1, '', 'Activo', '2024-01-01'),
(231, 230, 1, 'Dom.conocido', 1, '', 'Activo', '2024-01-01'),
(232, 231, 1, 'Dom.conocido', 1, '', 'Activo', '2024-01-01'),
(233, 233, 1, 'Dom.conocido', 1, '', 'Activo', '2024-01-01'),
(234, 234, 1, 'Dom.conocido', 1, '', 'Activo', '2024-01-01'),
(235, 235, 1, 'Dom.conocido', 1, '', 'Activo', '2024-01-01'),
(236, 236, 1, 'Dom.conocido', 1, '', 'Baja', '2024-01-01'),
(237, 237, 1, 'Dom.conocido', 1, '', 'Activo', '2024-01-01'),
(238, 238, 1, 'Dom.conocido', 1, '', 'Activo', '2024-01-01'),
(239, 239, 1, 'Dom.conocido', 1, '', 'Activo', '2024-01-01'),
(240, 240, 1, 'Dom.conocido', 1, '', 'Activo', '2024-01-01'),
(241, 241, 1, 'Dom.conocido', 1, '', 'Activo', '2024-01-01'),
(242, 242, 1, 'Dom.conocido', 1, '', 'Activo', '2024-01-01'),
(243, 243, 1, 'Dom.conocido', 1, '', 'Activo', '2024-01-01'),
(244, 244, 1, 'Dom.conocido', 1, '', 'Activo', '2024-01-01'),
(245, 245, 1, 'Dom.conocido', 1, '', 'Activo', '2024-01-01'),
(246, 247, 1, 'Dom.conocido', 1, '', 'Activo', '2024-01-01'),
(247, 248, 1, 'Dom.conocido', 1, '', 'Activo', '2024-01-01'),
(248, 249, 1, 'Dom.conocido', 1, '', 'Activo', '2024-01-01'),
(249, 250, 1, 'Dom.conocido', 1, '', 'Activo', '2024-01-01'),
(250, 251, 1, 'Dom.conocido', 1, '', 'Activo', '2024-01-01'),
(251, 252, 1, 'Dom.conocido', 1, '', 'Activo', '2024-01-01'),
(252, 253, 1, 'Dom.conocido', 1, '', 'Activo', '2024-01-01'),
(253, 254, 1, 'Dom.conocido', 1, '', 'Activo', '2024-01-01'),
(254, 255, 1, 'Dom.conocido', 1, '', 'Activo', '2024-01-01'),
(255, 256, 1, 'Dom.conocido', 1, '', 'Baja', '2024-01-01'),
(256, 257, 1, 'Dom.conocido', 1, '', 'Activo', '2024-01-01'),
(257, 258, 1, 'Dom.conocido', 1, '', 'Activo', '2024-01-01'),
(258, 259, 1, 'Dom.conocido', 1, '', 'Activo', '2024-01-01'),
(259, 260, 1, 'Dom.conocido', 1, '', 'Activo', '2024-01-01'),
(260, 261, 1, 'Dom.conocido', 1, '', 'Activo', '2024-01-01'),
(261, 262, 1, 'Dom.conocido', 1, '', 'Baja', '2024-01-01'),
(262, 263, 1, 'Dom.conocido', 1, '', 'Activo', '2024-01-01'),
(263, 264, 1, 'Dom.conocido', 1, '', 'Activo', '2024-01-01'),
(264, 265, 1, 'Dom.conocido', 1, '', 'Activo', '2024-01-01'),
(265, 266, 1, 'Dom.conocido', 1, '', 'Activo', '2024-01-01'),
(266, 267, 1, 'Dom.conocido', 1, '', 'Activo', '2024-01-01'),
(267, 268, 1, 'Dom.conocido', 1, '', 'Activo', '2024-01-01'),
(268, 269, 1, 'Dom.conocido', 1, '', 'Activo', '2024-01-01'),
(269, 270, 1, 'Dom.conocido', 1, '', 'Activo', '2024-01-01'),
(270, 271, 1, 'Dom.conocido', 1, '', 'Activo', '2024-01-01'),
(271, 272, 1, 'Dom.conocido', 1, '', 'Activo', '2024-01-01'),
(272, 273, 1, 'Dom.conocido', 1, '', 'Activo', '2024-01-01'),
(273, 274, 1, 'Dom.conocido', 1, '', 'Activo', '2024-01-01'),
(274, 275, 1, 'Dom.conocido', 1, '', 'Activo', '2024-01-01'),
(275, 276, 1, 'Dom.conocido', 1, '', 'Activo', '2024-01-01'),
(276, 277, 1, 'Dom.conocido', 1, '', 'Activo', '2024-01-01'),
(277, 278, 1, 'Dom.conocido', 1, '', 'Activo', '2024-01-01'),
(278, 279, 1, 'Dom.conocido', 1, '', 'Activo', '2024-01-01'),
(279, 280, 1, 'Dom.conocido', 1, '', 'Activo', '2024-01-01'),
(280, 281, 1, 'Dom.conocido', 1, '', 'Activo', '2024-01-01'),
(281, 282, 1, 'Dom.conocido', 1, '', 'Activo', '2024-01-01'),
(282, 283, 1, 'Dom.conocido', 1, '', 'Activo', '2024-01-01'),
(283, 284, 1, 'Dom.conocido', 1, '', 'Activo', '2024-01-01'),
(284, 285, 1, 'Dom.conocido', 1, '', 'Activo', '2024-01-01'),
(285, 286, 1, 'Dom.conocido', 1, '', 'Activo', '2024-01-01'),
(286, 287, 1, 'Dom.conocido', 1, '', 'Activo', '2024-01-01'),
(287, 288, 1, 'Dom.conocido', 1, '', 'Activo', '2024-01-01'),
(288, 289, 1, 'Dom.conocido', 1, '', 'Activo', '2024-01-01'),
(289, 290, 1, 'Dom.conocido', 1, '', 'Activo', '2024-01-01'),
(290, 291, 1, 'Dom.conocido', 1, '', 'Activo', '2024-01-01'),
(291, 292, 1, 'Dom.conocido', 1, '', 'Activo', '2024-01-01'),
(292, 293, 1, 'Dom.conocido', 1, '', 'Activo', '2024-01-01'),
(293, 294, 1, 'Dom.conocido', 1, '', 'Activo', '2024-01-01'),
(294, 295, 1, 'Dom.conocido', 1, '', 'Activo', '2024-01-01'),
(295, 296, 1, 'Dom.conocido', 1, '', 'Activo', '2024-01-01'),
(296, 297, 1, 'Dom.conocido', 1, '', 'Activo', '2024-01-01'),
(297, 298, 1, 'Dom.conocido', 1, '', 'Activo', '2024-01-01'),
(298, 299, 1, 'Dom.conocido', 1, '', 'Activo', '2024-01-01'),
(299, 300, 1, 'Dom.conocido', 1, '', 'Activo', '2024-01-01'),
(300, 301, 1, 'Dom.conocido', 1, '', 'Activo', '2024-01-01'),
(301, 302, 1, 'Dom.conocido', 1, '', 'Activo', '2024-01-01'),
(302, 303, 1, 'Dom.conocido', 1, '', 'Activo', '2024-01-01'),
(303, 304, 1, 'Dom.conocido', 1, '', 'Activo', '2024-01-01'),
(304, 305, 1, 'Dom.conocido', 1, '', 'Activo', '2024-01-01'),
(305, 306, 1, 'Dom.conocido', 1, '', 'Activo', '2024-01-01'),
(306, 307, 1, 'Dom.conocido', 1, '', 'Activo', '2024-01-01'),
(307, 308, 1, 'Dom.conocido', 1, '', 'Activo', '2024-01-01'),
(308, 309, 1, 'Dom.conocido', 1, '', 'Activo', '2024-01-01'),
(309, 310, 1, 'Dom.conocido', 1, '', 'Activo', '2024-01-01'),
(310, 311, 1, 'Dom.conocido', 1, '', 'Activo', '2024-01-01'),
(311, 312, 1, 'Dom.conocido', 1, '', 'Baja', '2024-01-01'),
(312, 313, 1, 'Dom.conocido', 1, '', 'Activo', '2024-01-01'),
(313, 314, 1, 'Dom.conocido', 1, '', 'Activo', '2024-01-01'),
(314, 315, 1, 'Dom.conocido', 1, '', 'Activo', '2024-01-01'),
(315, 316, 1, 'Dom.conocido', 1, '', 'Activo', '2024-01-01'),
(316, 317, 1, 'Dom.conocido', 1, '', 'Activo', '2024-01-01'),
(317, 318, 1, 'Dom.conocido', 1, '', 'Activo', '2024-01-01'),
(318, 319, 1, 'Dom.conocido', 1, '', 'Activo', '2024-01-01'),
(319, 320, 1, 'Dom.conocido', 1, '', 'Activo', '2024-01-01'),
(320, 321, 1, 'Dom.conocido', 1, '', 'Activo', '2024-01-01'),
(321, 322, 1, 'Dom.conocido', 1, '', 'Activo', '2024-01-01'),
(322, 323, 1, 'Dom.conocido', 1, '', 'Activo', '2024-01-01'),
(323, 324, 1, 'Dom.conocido', 1, '', 'Activo', '2024-01-01'),
(324, 325, 1, 'Dom.conocido', 1, '', 'Activo', '2024-01-01'),
(325, 326, 1, 'Dom.conocido', 1, '', 'Activo', '2024-01-01'),
(326, 327, 1, 'Dom.conocido', 1, '', 'Activo', '2024-01-01'),
(327, 328, 1, 'Dom.conocido', 1, '', 'Activo', '2024-01-01'),
(328, 329, 1, 'Dom.conocido', 1, '', 'Activo', '2024-01-01'),
(329, 330, 1, 'Dom.conocido', 1, '', 'Activo', '2024-01-01'),
(330, 331, 1, 'Dom.conocido', 1, '', 'Activo', '2024-01-01'),
(331, 332, 1, 'Dom.conocido', 1, '', 'Activo', '2024-01-01'),
(332, 333, 1, 'Dom.conocido', 1, '', 'Activo', '2024-01-01'),
(333, 334, 1, 'Dom.conocido', 1, '', 'Activo', '2024-01-01'),
(334, 335, 1, 'Dom.conocido', 1, '', 'Activo', '2024-01-01'),
(335, 336, 1, 'Dom.conocido', 1, '', 'Activo', '2024-01-01'),
(336, 337, 1, 'Dom.conocido', 1, '', 'Activo', '2024-01-01'),
(337, 338, 1, 'Dom.conocido', 1, '', 'Activo', '2024-01-01'),
(338, 339, 1, 'Dom.conocido', 1, '', 'Baja', '2024-01-01'),
(339, 340, 1, 'Dom.conocido', 1, '', 'Activo', '2024-01-01'),
(340, 341, 1, 'Dom.conocido', 1, '', 'Activo', '2024-01-01'),
(341, 342, 1, 'Dom.conocido', 1, '', 'Activo', '2024-01-01'),
(342, 343, 1, 'Dom.conocido', 1, '', 'Activo', '2024-01-01'),
(343, 344, 1, 'Dom.conocido', 1, '', 'Activo', '2024-01-01'),
(344, 345, 1, 'Dom.conocido', 1, '', 'Baja', '2024-01-01'),
(345, 346, 1, 'Dom.conocido', 1, '', 'Activo', '2024-01-01'),
(346, 347, 1, 'Dom.conocido', 1, '', 'Activo', '2024-01-01'),
(347, 348, 1, 'Dom.conocido', 1, '', 'Activo', '2024-01-01'),
(348, 349, 1, 'Dom.conocido', 1, '', 'Activo', '2024-01-01'),
(349, 350, 1, 'Dom.conocido', 1, '', 'Activo', '2024-01-01'),
(350, 351, 1, 'Dom.conocido', 1, '', 'Activo', '2024-01-01'),
(351, 352, 1, 'Dom.conocido', 1, '', 'Activo', '2024-01-01'),
(352, 353, 1, 'Dom.conocido', 1, '', 'Activo', '2024-01-01'),
(353, 354, 1, 'Dom.conocido', 1, '', 'Activo', '2024-01-01'),
(354, 355, 1, 'Dom.conocido', 1, '', 'Activo', '2024-01-01'),
(355, 356, 1, 'Dom.conocido', 1, '', 'Activo', '2024-01-01'),
(356, 357, 1, 'Dom.conocido', 1, '', 'Activo', '2024-01-01'),
(357, 358, 1, 'Dom.conocido', 1, '', 'Activo', '2024-01-01'),
(358, 359, 1, 'Dom.conocido', 1, '', 'Activo', '2024-01-01'),
(359, 360, 1, 'Dom.conocido', 1, '', 'Activo', '2024-01-01'),
(360, 361, 1, 'Dom.conocido', 1, '', 'Activo', '2024-01-01'),
(361, 362, 1, 'Dom.conocido', 1, '', 'Activo', '2024-01-01'),
(362, 363, 1, 'Dom.conocido', 1, '', 'Activo', '2024-01-01'),
(363, 364, 1, 'Dom.conocido', 2, '', 'Activo', '2024-01-01'),
(364, 365, 1, 'Dom.conocido', 1, '', 'Activo', '2024-01-01'),
(365, 366, 1, 'Dom.conocido', 1, '', 'Activo', '2024-01-01'),
(366, 367, 1, 'Dom.conocido', 1, '', 'Activo', '2024-01-01'),
(367, 368, 1, 'Dom.conocido', 1, '', 'Activo', '2024-01-01'),
(368, 369, 1, 'Dom.conocido', 1, '', 'Activo', '2024-01-01'),
(369, 370, 1, 'Dom.conocido', 1, '', 'Activo', '2024-01-01'),
(370, 371, 1, 'Dom.conocido', 1, '', 'Activo', '2024-01-01'),
(371, 372, 1, 'Dom.conocido', 1, '', 'Activo', '2024-01-01'),
(372, 373, 1, 'Dom.conocido', 1, '', 'Activo', '2024-01-01'),
(373, 374, 1, 'Dom.conocido', 1, '', 'Activo', '2024-01-01'),
(374, 376, 1, 'Dom.conocido', 1, '', 'Activo', '2024-01-01'),
(375, 377, 1, 'Dom.conocido', 1, '', 'Activo', '2024-01-01'),
(376, 378, 1, 'Dom.conocido', 1, '', 'Activo', '2024-01-01'),
(377, 379, 1, 'Dom.conocido', 1, '', 'Activo', '2024-01-01'),
(378, 380, 1, 'Dom.conocido', 1, '', 'Activo', '2024-01-01'),
(379, 381, 1, 'Dom.conocido', 1, '', 'Activo', '2024-01-01'),
(380, 382, 1, 'Dom.conocido', 1, '', 'Activo', '2024-01-01'),
(381, 383, 1, 'Dom.conocido', 1, '', 'Activo', '2024-01-01'),
(382, 384, 1, 'Dom.conocido', 1, '', 'Activo', '2024-01-01'),
(383, 385, 1, 'Dom.conocido', 1, '', 'Activo', '2024-01-01'),
(384, 386, 1, 'Dom.conocido', 1, '', 'Activo', '2024-01-01'),
(385, 387, 1, 'Dom.conocido', 1, '', 'Activo', '2024-01-01'),
(386, 388, 1, 'Dom.conocido', 1, '', 'Activo', '2024-01-01'),
(387, 389, 1, 'Dom.conocido', 1, '', 'Activo', '2024-01-01'),
(388, 390, 1, 'Dom.conocido', 1, '', 'Activo', '2024-01-01'),
(389, 391, 1, 'Dom.conocido', 1, '', 'Activo', '2024-01-01'),
(390, 392, 1, 'Dom.conocido', 1, '', 'Activo', '2024-01-01'),
(391, 393, 1, 'Dom.conocido', 1, '', 'Activo', '2024-01-01'),
(392, 394, 1, 'Dom.conocido', 1, '', 'Activo', '2024-01-01'),
(393, 395, 1, 'Dom.conocido', 1, '', 'Activo', '2024-01-01'),
(394, 396, 1, 'Dom.conocido', 1, '', 'Activo', '2024-01-01'),
(395, 397, 1, 'Dom.conocido', 1, '', 'Activo', '2024-01-01'),
(396, 398, 1, 'Dom.conocido', 1, '', 'Activo', '2024-01-01'),
(397, 399, 1, 'Dom.conocido', 1, '', 'Activo', '2024-01-01'),
(398, 400, 1, 'Dom.conocido', 1, '', 'Activo', '2024-01-01'),
(399, 401, 1, 'Dom.conocido', 1, '', 'Activo', '2024-01-01'),
(400, 402, 1, 'Dom.conocido', 1, '', 'Activo', '2024-01-01'),
(401, 403, 1, 'Dom.conocido', 1, '', 'Activo', '2024-01-01'),
(402, 404, 1, 'Dom.conocido', 1, '', 'Activo', '2024-01-01'),
(403, 405, 1, 'Dom.conocido', 1, '', 'Activo', '2024-01-01'),
(404, 406, 1, 'Dom.conocido', 1, '', 'Activo', '2024-01-01'),
(405, 407, 1, 'Dom.conocido', 1, '', 'Activo', '2024-01-01'),
(406, 408, 1, 'Dom.conocido', 1, '', 'Activo', '2024-01-01'),
(407, 409, 1, 'Dom.conocido', 1, '', 'Activo', '2024-01-01'),
(408, 410, 1, 'Dom.conocido', 1, '', 'Activo', '2024-01-01'),
(409, 411, 1, 'Dom.conocido', 1, '', 'Activo', '2024-01-01'),
(410, 412, 1, 'Dom.conocido', 1, '', 'Activo', '2024-01-01'),
(411, 413, 1, 'Dom.conocido', 1, '', 'Activo', '2024-01-01'),
(412, 414, 1, 'Dom.conocido', 1, '', 'Activo', '2024-01-01'),
(413, 415, 1, 'Dom.conocido', 1, '', 'Activo', '2024-01-01'),
(414, 416, 1, 'Dom.conocido', 1, '', 'Activo', '2024-01-01'),
(415, 417, 1, 'Dom.conocido', 1, '', 'Activo', '2024-01-01'),
(416, 418, 1, 'Dom.conocido', 1, '', 'Activo', '2024-01-01'),
(417, 419, 1, 'Dom.conocido', 1, '', 'Activo', '2024-01-01'),
(418, 420, 1, 'Dom.conocido', 1, '', 'Activo', '2024-01-01'),
(419, 421, 1, 'Dom.conocido', 1, '', 'Activo', '2024-01-01'),
(420, 422, 1, 'Dom.conocido', 1, '', 'Activo', '2024-01-01'),
(421, 423, 1, 'Dom.conocido', 1, '', 'Activo', '2024-01-01'),
(422, 424, 1, 'Dom.conocido', 1, '', 'Activo', '2024-01-01'),
(423, 425, 1, 'Dom.conocido', 1, '', 'Activo', '2024-01-01'),
(424, 426, 1, 'Dom.conocido', 1, '', 'Activo', '2024-01-01'),
(425, 427, 1, 'Dom.conocido', 1, '', 'Activo', '2024-01-01'),
(426, 428, 1, 'Dom.conocido', 1, '', 'Activo', '2024-01-01'),
(427, 429, 1, 'C 17 ENTRE 30 Y 32 S/N LOC DZONOT CARRETERO ', 1, '', 'Activo', '2024-01-01'),
(428, 430, 1, 'Dom.conocido', 1, '', 'Activo', '2024-01-01'),
(429, 431, 1, 'Dom.conocido', 1, '', 'Activo', '2024-01-01'),
(430, 432, 1, 'Dom.conocido', 1, '', 'Activo', '2024-01-01'),
(431, 433, 1, 'Dom.conocido', 1, '', 'Activo', '2024-01-01'),
(432, 434, 1, 'Dom.conocido', 1, '', 'Activo', '2024-01-01'),
(433, 435, 1, 'Dom.conocido', 1, '', 'Activo', '2024-01-01'),
(434, 436, 1, 'Dom.conocido', 1, '', 'Activo', '2024-01-01'),
(435, 437, 1, 'Dom.conocido', 1, '', 'Activo', '2024-01-01'),
(436, 438, 1, 'Dom.conocido', 1, '', 'Activo', '2024-01-01'),
(437, 439, 1, 'Dom.conocido', 1, '', 'Activo', '2024-01-01'),
(438, 440, 1, 'Dom.conocido', 1, '', 'Activo', '2024-01-01'),
(439, 441, 1, 'Dom.conocido', 1, '', 'Activo', '2024-01-01'),
(440, 442, 1, 'Dom.conocido', 1, '', 'Activo', '2024-01-01'),
(441, 443, 1, 'Dom.conocido', 1, '', 'Activo', '2024-01-01'),
(442, 444, 1, 'Dom.conocido', 1, '', 'Activo', '2024-01-01'),
(443, 445, 1, 'Dom.conocido', 1, '', 'Activo', '2024-01-01'),
(444, 446, 1, 'Dom.conocido', 2, 'tomas en el mismo domicilio', 'Activo', '2024-01-01'),
(445, 447, 1, 'Dom.conocido', 1, '', 'Activo', '2024-01-01'),
(446, 448, 1, 'Dom.conocido', 1, '', 'Activo', '2024-01-01'),
(447, 449, 1, 'Dom.conocido', 1, '', 'Activo', '2024-01-01'),
(448, 450, 1, 'Dom.conocido', 1, '', 'Activo', '2024-01-01'),
(449, 451, 1, 'Dom.conocido', 1, '', 'Activo', '2024-01-01'),
(450, 452, 1, 'Dom.conocido', 1, '', 'Activo', '2024-01-01'),
(451, 453, 1, 'Dom.conocido', 1, '', 'Activo', '2024-01-01'),
(452, 454, 1, 'Dom.conocido', 1, '', 'Activo', '2024-01-01'),
(453, 455, 1, 'Dom.conocido', 1, '', 'Activo', '2024-01-01'),
(454, 456, 1, 'Dom.conocido', 1, '', 'Activo', '2024-01-01'),
(455, 457, 1, 'Dom.conocido', 1, '', 'Activo', '2024-01-01'),
(456, 458, 1, 'Dom.conocido', 1, '', 'Activo', '2024-01-01'),
(457, 459, 1, 'Dom.conocido', 1, '', 'Activo', '2024-01-01'),
(458, 460, 1, 'Dom.conocido', 1, '', 'Activo', '2024-01-01'),
(459, 461, 1, 'Dom.conocido', 1, '', 'Activo', '2024-01-01'),
(460, 462, 1, 'Dom.conocido', 1, '', 'Activo', '2024-01-01'),
(461, 463, 1, 'Dom.conocido', 1, '', 'Activo', '2024-01-01'),
(462, 464, 1, 'Dom.conocido', 1, '', 'Activo', '2024-01-01'),
(463, 465, 1, 'Dom.conocido', 1, '', 'Activo', '2024-01-01'),
(464, 466, 1, 'Dom.conocido', 1, '', 'Activo', '2024-01-01'),
(465, 467, 1, 'Dom.conocido', 1, '', 'Activo', '2024-01-01'),
(466, 468, 1, 'Dom.conocido', 1, '', 'Activo', '2024-01-01'),
(467, 469, 1, 'Dom.conocido', 1, '', 'Activo', '2024-01-01'),
(468, 470, 1, 'Dom.conocido', 1, '', 'Activo', '2024-01-01'),
(469, 471, 1, 'Dom.conocido', 1, '', 'Activo', '2024-01-01'),
(470, 472, 1, 'Dom.conocido', 1, '', 'Activo', '2024-01-01'),
(471, 473, 1, 'Dom.conocido', 1, '', 'Activo', '2024-01-01'),
(472, 474, 1, 'Dom.conocido', 1, '', 'Activo', '2024-01-01'),
(473, 475, 1, 'Dom.conocido', 1, '', 'Activo', '2024-01-01'),
(474, 476, 1, 'Dom.conocido', 1, '', 'Activo', '2024-01-01'),
(475, 477, 1, 'Dom.conocido', 1, '', 'Activo', '2024-01-01'),
(476, 478, 1, 'Dom.conocido', 1, '', 'Activo', '2024-01-01'),
(477, 479, 1, 'Dom.conocido', 1, '', 'Activo', '2024-01-01'),
(478, 480, 1, 'Dom.conocido', 1, '', 'Activo', '2024-01-01'),
(479, 481, 1, 'Dom.conocido', 1, '', 'Activo', '2024-01-01'),
(480, 482, 1, 'Dom.conocido', 1, '', 'Activo', '2024-01-01'),
(481, 483, 1, 'Dom.conocido', 1, '', 'Activo', '2024-01-01'),
(482, 484, 1, 'Dom.conocido', 1, '', 'Activo', '2024-01-01'),
(483, 485, 1, 'Dom.conocido', 1, '', 'Activo', '2024-01-01'),
(484, 486, 1, 'Dom.conocido', 1, 'Saliendo a Nuevo Ejido', 'Activo', '2024-01-01'),
(485, 487, 1, 'Dom.conocido', 1, '', 'Activo', '2024-01-01'),
(486, 488, 1, 'Dom.conocido', 1, '', 'Activo', '2024-01-01'),
(487, 489, 1, 'Dom.conocido', 1, '', 'Activo', '2024-01-01'),
(488, 490, 1, 'Dom.conocido', 1, '', 'Activo', '2024-01-01'),
(489, 491, 1, 'Dom.conocido', 1, '', 'Activo', '2024-01-01'),
(490, 492, 1, 'Dom.conocido', 1, '', 'Activo', '2024-01-01'),
(491, 493, 1, 'Dom.conocido', 1, '', 'Activo', '2024-01-01'),
(492, 494, 1, 'Dom.conocido', 1, '', 'Activo', '2024-01-01'),
(493, 495, 1, 'Dom.conocido', 1, '', 'Activo', '2024-01-01'),
(494, 496, 1, 'Dom.conocido', 1, '', 'Activo', '2024-01-01'),
(495, 497, 1, 'Dom.conocido', 1, '', 'Activo', '2024-01-01'),
(496, 498, 1, 'Dom.conocido', 1, '', 'Activo', '2024-01-01'),
(497, 499, 1, 'Dom.conocido', 1, '', 'Activo', '2024-01-01'),
(498, 500, 1, 'Dom.conocido', 1, '', 'Activo', '2024-01-01'),
(499, 501, 1, 'Dom.conocido', 1, '', 'Activo', '2024-01-01'),
(500, 502, 1, 'Dom.conocido', 1, '', 'Activo', '2024-01-01'),
(501, 503, 1, 'Dom.conocido', 1, '', 'Activo', '2024-01-01'),
(502, 504, 1, 'Dom.conocido', 1, '', 'Activo', '2024-01-01'),
(503, 505, 1, 'Dom.conocido', 1, '', 'Activo', '2024-01-01'),
(504, 506, 1, 'Dom.conocido', 1, '', 'Activo', '2024-01-01'),
(505, 507, 1, 'Dom.conocido', 1, '', 'Activo', '2024-01-01'),
(506, 508, 1, 'Dom.conocido', 1, '', 'Activo', '2024-01-01'),
(507, 509, 1, 'Dom.conocido', 1, '', 'Activo', '2024-01-01'),
(508, 510, 1, 'Dom.conocido', 1, '', 'Activo', '2024-01-01'),
(509, 511, 1, 'Dom.conocido', 1, '', 'Activo', '2024-01-01'),
(510, 512, 1, 'Dom.conocido', 1, '', 'Activo', '2024-01-01'),
(511, 513, 1, 'Dom.conocido', 1, '', 'Activo', '2024-01-01'),
(512, 514, 1, 'Dom.conocido', 1, '', 'Activo', '2024-01-01'),
(513, 515, 1, 'Dom.conocido', 1, '', 'Activo', '2024-01-01'),
(514, 516, 1, 'Dom.conocido', 1, '', 'Activo', '2024-01-01'),
(515, 517, 1, 'Dom.conocido', 1, '', 'Activo', '2024-01-01'),
(516, 518, 1, 'Dom.conocido', 1, '', 'Activo', '2024-01-01'),
(517, 519, 1, 'Dom.conocido', 1, '', 'Activo', '2024-01-01'),
(518, 520, 1, 'Dom.conocido', 1, '', 'Activo', '2024-01-01'),
(519, 521, 1, 'Dom.conocido', 1, '', 'Activo', '2024-01-01'),
(520, 522, 3, 'Dom.conocido', 1, '', 'Activo', '2024-01-01'),
(521, 523, 1, 'Dom.conocido', 1, '', 'Activo', '2024-01-01'),
(522, 524, 1, 'Dom.conocido', 1, '', 'Activo', '2024-01-01'),
(523, 525, 1, 'Dom.conocido', 1, '', 'Activo', '2024-01-01'),
(524, 526, 1, 'Dom.conocido', 1, '', 'Activo', '2024-01-01'),
(525, 527, 1, 'Dom.conocido', 1, '', 'Activo', '2024-01-01'),
(526, 528, 1, 'Dom.conocido', 1, '', 'Baja', '2024-01-01'),
(527, 529, 1, 'Dom.conocido', 1, '', 'Baja', '2024-01-01'),
(528, 530, 1, 'Dom.conocido', 1, '', 'Activo', '2024-01-01'),
(529, 531, 1, 'Dom.conocido', 1, '', 'Activo', '2024-01-01'),
(530, 532, 1, 'Dom.conocido', 1, '', 'Activo', '2024-01-01'),
(531, 533, 1, 'Dom.conocido', 1, '', 'Activo', '2024-01-01'),
(532, 534, 1, 'Dom.conocido', 1, '', 'Activo', '2024-01-01'),
(533, 535, 1, 'Dom.conocido', 1, '', 'Activo', '2024-01-01'),
(534, 536, 1, 'Dom.conocido', 1, '', 'Activo', '2024-01-01'),
(535, 537, 1, 'Dom.conocido', 1, '', 'Activo', '2024-01-01'),
(536, 538, 1, 'Dom.conocido', 1, '', 'Activo', '2024-01-01'),
(537, 539, 1, 'Dom.conocido', 1, '', 'Activo', '2024-01-01'),
(538, 540, 1, 'Dom.conocido', 1, '', 'Activo', '2024-01-01'),
(539, 541, 1, 'Dom.conocido', 1, '', 'Activo', '2024-01-01'),
(540, 542, 1, 'Dom.conocido', 1, '', 'Activo', '2024-01-01'),
(541, 543, 1, 'Dom.conocido', 1, '', 'Activo', '2024-01-01'),
(542, 544, 1, 'Dom.conocido', 1, '', 'Activo', '2024-01-01'),
(543, 545, 1, 'Dom.conocido', 1, '', 'Activo', '2024-01-01'),
(544, 546, 1, 'Dom.conocido', 1, '', 'Activo', '2024-01-01'),
(545, 547, 1, 'Dom.conocido', 1, '', 'Activo', '2024-01-01'),
(546, 548, 1, 'Dom.conocido', 1, '', 'Activo', '2024-01-01'),
(547, 549, 1, 'Dom.conocido', 1, '', 'Activo', '2024-01-01'),
(548, 550, 1, 'Dom.conocido', 1, '', 'Activo', '2024-01-01'),
(549, 551, 1, 'Dom.conocido', 1, '', 'Activo', '2024-01-01'),
(550, 552, 1, 'Dom.conocido', 1, '', 'Activo', '2024-01-01'),
(551, 553, 1, 'Dom.conocido', 1, '', 'Activo', '2024-01-01'),
(552, 554, 1, 'Dom.conocido', 1, '', 'Activo', '2024-01-01'),
(553, 555, 1, 'Dom.conocido', 1, '', 'Activo', '2024-01-01'),
(554, 556, 1, 'Dom.conocido', 1, '', 'Activo', '2024-01-01'),
(555, 557, 1, 'Dom.conocido', 1, '', 'Activo', '2024-01-01'),
(556, 558, 1, 'Dom.conocido', 1, '', 'Activo', '2024-01-01'),
(557, 559, 1, 'Dom.conocido', 1, '', 'Activo', '2024-01-01'),
(558, 560, 1, 'Dom.conocido', 1, '', 'Activo', '2024-01-01'),
(559, 561, 1, 'Dom.conocido', 1, '', 'Activo', '2024-01-01'),
(560, 562, 1, 'Dom.conocido', 1, '', 'Activo', '2024-01-01'),
(561, 563, 1, 'Dom.conocido', 1, '', 'Activo', '2024-01-01'),
(562, 564, 1, 'Dom.conocido', 1, '', 'Activo', '2024-01-01'),
(563, 565, 1, 'Dom.conocido', 1, '', 'Activo', '2024-01-01'),
(564, 566, 1, 'Dom.conocido', 1, '', 'Activo', '2024-01-01'),
(565, 567, 1, 'Dom.conocido', 1, '', 'Activo', '2024-01-01'),
(566, 568, 1, 'Dom.conocido', 1, '', 'Activo', '2024-01-01'),
(567, 569, 1, 'Dom.conocido', 1, '', 'Activo', '2024-01-01'),
(568, 570, 1, 'Dom.conocido', 1, '', 'Activo', '2024-01-01'),
(569, 571, 1, 'Dom.conocido', 1, '', 'Activo', '2024-01-01'),
(570, 572, 1, 'Dom.conocido', 1, '', 'Activo', '2024-01-01'),
(571, 573, 1, 'Dom.conocido', 1, '', 'Activo', '2024-01-01'),
(572, 574, 1, 'Dom.conocido', 1, '', 'Activo', '2024-01-01'),
(573, 575, 1, 'Dom.conocido', 1, '', 'Activo', '2024-01-01'),
(574, 578, 1, 'Dom.conocido', 1, '', 'Baja', '2024-01-01'),
(575, 579, 1, 'Dom.conocido', 1, '', 'Activo', '2024-01-01'),
(576, 580, 1, 'Dom.conocido', 1, '', 'Activo', '2024-01-01'),
(577, 581, 1, 'Dom.conocido', 1, '', 'Activo', '2024-01-01'),
(578, 582, 1, 'Dom.conocido', 1, '', 'Activo', '2024-01-01'),
(579, 583, 1, 'Dom.conocido', 1, '', 'Activo', '2024-01-01'),
(580, 584, 1, 'Dom.conocido', 1, '', 'Activo', '2024-01-01'),
(581, 585, 1, 'Dom.conocido', 1, '', 'Activo', '2024-01-01'),
(582, 586, 1, 'Dom.conocido', 1, '', 'Activo', '2024-01-01'),
(583, 587, 1, 'Dom.conocido', 1, '', 'Activo', '2024-01-01'),
(584, 588, 1, 'Dom.conocido', 1, '', 'Activo', '2024-01-01'),
(585, 589, 1, 'Dom.conocido', 1, '', 'Activo', '2024-01-01'),
(586, 590, 1, 'Dom.conocido', 1, '', 'Activo', '2024-01-01'),
(587, 591, 1, 'Dom.conocido', 1, '', 'Activo', '2024-01-01'),
(588, 592, 1, 'Dom.conocido', 1, '', 'Activo', '2024-01-01'),
(589, 593, 1, 'Dom.conocido', 1, '', 'Activo', '2024-01-01'),
(590, 594, 1, 'Dom.conocido', 1, '', 'Activo', '2024-01-01'),
(591, 595, 1, 'Dom.conocido', 1, '', 'Activo', '2024-01-01'),
(592, 596, 1, 'Dom.conocido', 1, '', 'Activo', '2024-01-01'),
(593, 597, 1, 'Dom.conocido', 1, '', 'Activo', '2024-01-01'),
(594, 598, 1, 'Dom.conocido', 1, '', 'Activo', '2024-01-01'),
(595, 599, 1, 'Dom.conocido', 1, '', 'Activo', '2024-01-01'),
(596, 600, 1, 'Dom.conocido', 1, '', 'Activo', '2024-01-01'),
(597, 601, 1, 'Dom.conocido', 1, '', 'Activo', '2024-01-01'),
(598, 602, 1, 'Dom.conocido', 1, '', 'Activo', '2024-01-01'),
(599, 603, 1, 'Dom.conocido', 1, '', 'Activo', '2024-01-01'),
(600, 604, 1, 'Dom.conocido', 1, '', 'Activo', '2024-01-01'),
(601, 605, 1, 'Dom.conocido', 1, '', 'Activo', '2024-01-01'),
(602, 606, 1, 'Dom.conocido', 1, '', 'Activo', '2024-01-01'),
(603, 607, 1, 'Dom.conocido', 1, '', 'Activo', '2024-01-01'),
(604, 608, 1, 'Dom.conocido', 1, '', 'Activo', '2024-01-01'),
(605, 609, 1, 'Dom.conocido', 1, '', 'Activo', '2024-01-01'),
(606, 610, 1, 'Dom.conocido', 1, '', 'Activo', '2024-01-01'),
(607, 611, 1, 'Dom.conocido', 1, '', 'Activo', '2024-01-01'),
(608, 612, 1, 'Colonia Santa clara', 1, '', 'Activo', '2024-01-01'),
(609, 613, 1, 'Dom.conocido', 1, '', 'Activo', '2024-01-01'),
(610, 614, 1, 'Dom.conocido', 1, '', 'Activo', '2024-01-01'),
(611, 615, 1, 'Dom.conocido', 1, '', 'Activo', '2024-01-01'),
(612, 616, 1, 'Dom.conocido', 1, '', 'Activo', '2024-01-01'),
(613, 617, 1, 'Dom.conocido', 1, '', 'Activo', '2024-01-01'),
(614, 618, 1, 'Dom.conocido', 1, '', 'Activo', '2024-01-01'),
(615, 619, 1, 'Dom.conocido', 1, '', 'Activo', '2024-01-01'),
(616, 620, 1, 'Dom.conocido', 1, '', 'Activo', '2024-01-01'),
(617, 621, 1, 'Dom.conocido', 1, '', 'Activo', '2024-01-01'),
(618, 622, 1, 'Dom.conocido', 1, '', 'Activo', '2024-01-01'),
(619, 623, 1, 'Dom.conocido', 1, '', 'Activo', '2024-01-01'),
(620, 624, 1, 'Dom.conocido', 1, '', 'Activo', '2024-01-01'),
(621, 625, 1, 'Dom.conocido', 1, '', 'Activo', '2024-01-01'),
(622, 626, 1, 'Dom.conocido', 1, '', 'Activo', '2024-01-01'),
(623, 627, 1, 'Dom.conocido', 1, '', 'Activo', '2024-01-01'),
(624, 628, 1, 'Dom.conocido', 1, '', 'Activo', '2024-01-01'),
(625, 629, 1, 'Dom.conocido', 2, '', 'Activo', '2024-01-01'),
(626, 630, 1, 'Dom.conocido', 1, '', 'Activo', '2024-01-01'),
(627, 631, 1, 'Dom.conocido', 1, '', 'Activo', '2024-01-01'),
(628, 632, 1, 'Dom.conocido', 1, '', 'Activo', '2024-01-01'),
(629, 633, 1, 'Colonia centro', 1, '', 'Activo', '2024-01-01'),
(630, 634, 1, 'Dom.conocido', 1, '', 'Activo', '2024-01-01'),
(631, 635, 1, 'Dom.conocido', 1, '', 'Activo', '2024-01-01'),
(632, 636, 1, 'Dom.conocido', 1, '', 'Activo', '2024-01-01'),
(633, 637, 1, 'Dom.conocido', 1, '', 'Activo', '2024-01-01'),
(634, 638, 1, 'Dom.conocido', 1, '', 'Activo', '2024-01-01'),
(635, 639, 1, 'Dom.conocido', 1, '', 'Activo', '2024-01-01'),
(636, 640, 1, 'Dom.conocido', 1, '', 'Activo', '2024-01-01'),
(637, 641, 1, 'Dom.conocido', 1, '', 'Activo', '2024-01-01'),
(638, 642, 1, 'Dom.conocido', 1, '', 'Activo', '2024-01-01'),
(639, 643, 1, 'Dom.conocido', 1, '', 'Activo', '2024-01-01'),
(640, 644, 1, 'Dom.conocido', 1, '', 'Activo', '2024-01-01'),
(641, 645, 1, 'Dom.conocido', 1, '', 'Activo', '2024-01-01'),
(642, 646, 1, 'Dom.conocido', 1, '', 'Activo', '2024-01-01'),
(643, 647, 1, 'Dom.conocido', 2, '', 'Activo', '2024-01-01'),
(644, 648, 1, 'Dom.conocido', 1, '', 'Activo', '2024-01-01'),
(645, 649, 1, 'Dom.conocido', 1, '', 'Activo', '2024-01-01'),
(646, 650, 1, 'Dom.conocido', 1, '', 'Activo', '2024-01-01'),
(647, 651, 1, 'Dom.conocido', 1, '', 'Activo', '2024-01-01'),
(648, 652, 1, 'Dom.conocido', 1, '', 'Activo', '2024-01-01'),
(649, 653, 1, 'Dom.conocido', 1, '', 'Activo', '2024-01-01'),
(650, 654, 1, 'Dom.conocido', 1, '', 'Activo', '2024-01-01'),
(651, 655, 1, 'Dom.conocido', 1, '', 'Activo', '2024-01-01'),
(652, 656, 1, 'Dom.conocido', 1, '', 'Activo', '2024-01-01'),
(653, 657, 1, 'Dom.conocido', 1, '', 'Activo', '2024-01-01'),
(654, 658, 1, 'Dom.conocido', 1, '', 'Activo', '2024-01-01'),
(655, 659, 1, 'Dom.conocido', 1, '', 'Activo', '2024-01-01'),
(656, 660, 1, 'Dom.conocido', 1, '', 'Activo', '2024-01-01'),
(657, 661, 1, 'Dom.conocido', 1, '', 'Activo', '2024-01-01'),
(658, 662, 1, 'Dom.conocido', 1, '', 'Activo', '2024-01-01'),
(659, 663, 1, 'Dom.conocido', 1, '', 'Activo', '2024-01-01'),
(660, 664, 1, 'Dom.conocido', 1, '', 'Activo', '2024-01-01'),
(661, 665, 1, 'Dom.conocido', 1, '', 'Activo', '2024-01-01'),
(662, 666, 1, 'Dom.conocido', 1, '', 'Activo', '2024-01-01'),
(663, 667, 1, 'Dom.conocido', 1, '', 'Activo', '2024-01-01'),
(664, 668, 1, 'Dom.conocido', 1, '', 'Activo', '2024-01-01'),
(665, 669, 1, 'Dom.conocido', 1, '', 'Activo', '2024-01-01'),
(666, 670, 1, 'Dom.conocido', 1, '', 'Activo', '2024-01-01'),
(667, 671, 1, 'Dom.conocido', 1, '', 'Activo', '2024-01-01'),
(668, 672, 1, 'Dom.conocido', 1, '', 'Activo', '2024-01-01'),
(669, 673, 1, 'Dom.conocido', 1, '', 'Activo', '2024-01-01'),
(670, 674, 1, 'Dom.conocido', 1, '', 'Activo', '2024-01-01'),
(671, 675, 1, 'Dom.conocido', 1, '', 'Activo', '2024-01-01'),
(672, 676, 1, 'Dom.conocido', 1, '', 'Activo', '2024-01-01'),
(673, 677, 1, 'Dom.conocido', 1, '', 'Activo', '2024-01-01'),
(674, 678, 1, 'Dom.conocido', 2, '', 'Activo', '2024-01-01'),
(675, 679, 1, 'Dom.conocido', 1, '', 'Activo', '2024-01-01'),
(676, 680, 1, 'Dom.conocido', 1, '', 'Activo', '2024-01-01'),
(677, 681, 1, 'Dom.conocido', 1, '', 'Activo', '2024-01-01'),
(678, 682, 1, 'Dom.conocido', 1, '', 'Activo', '2024-01-01'),
(679, 683, 1, 'Dom.conocido', 1, '', 'Activo', '2024-01-01'),
(680, 684, 1, 'Dom.conocido', 1, '', 'Activo', '2024-01-01'),
(681, 685, 1, 'Dom.conocido', 1, '', 'Activo', '2024-01-01'),
(682, 686, 1, 'Dom.conocido', 1, '', 'Activo', '2024-01-01'),
(683, 687, 1, 'Dom.conocido', 1, '', 'Activo', '2024-01-01'),
(684, 688, 1, 'Dom.conocido', 1, '', 'Activo', '2024-01-01'),
(685, 689, 1, 'Dom.conocido', 1, '', 'Activo', '2024-01-01'),
(686, 690, 1, 'Dom.conocido', 1, '', 'Activo', '2024-01-01'),
(687, 691, 1, 'Dom.conocido', 1, '', 'Activo', '2024-01-01'),
(688, 692, 1, 'Dom.conocido', 1, '', 'Activo', '2024-01-01'),
(689, 693, 1, 'Dom.conocido', 1, '', 'Activo', '2024-01-01'),
(690, 694, 1, 'Dom.conocido', 1, '', 'Activo', '2024-01-01'),
(691, 695, 1, 'Dom.conocido', 1, '', 'Activo', '2024-01-01'),
(692, 696, 1, 'Dom.conocido', 1, '', 'Activo', '2024-01-01'),
(693, 697, 1, 'Dom.conocido', 1, '', 'Activo', '2024-01-01'),
(694, 698, 1, 'Dom.conocido', 1, '', 'Activo', '2024-01-01'),
(695, 699, 1, 'C 28 X 19 Y 21 S/N', 1, '', 'Activo', '2024-01-01'),
(696, 700, 1, 'Dom.conocido', 1, '', 'Activo', '2024-01-01'),
(697, 701, 1, 'Dom.conocido', 1, '', 'Activo', '2024-01-01'),
(698, 702, 1, 'Dom.conocido', 1, '', 'Activo', '2024-01-01'),
(699, 703, 1, 'Dom.conocido', 1, '', 'Activo', '2024-01-01'),
(700, 704, 1, 'Dom.conocido', 1, '', 'Activo', '2024-01-01'),
(701, 705, 1, 'Dom.conocido', 1, '', 'Activo', '2024-01-01'),
(702, 706, 1, 'Dom.conocido', 1, '', 'Activo', '2024-01-01'),
(703, 713, 1, 'Dom.conocido', 1, '', 'Activo', '2024-01-01'),
(704, 715, 1, 'Dom.conocido', 1, '', 'Activo', '2024-01-01'),
(705, 716, 1, 'C 21 ENTRE 26 Y 28 S/N', 1, '', 'Activo', '2024-01-01'),
(706, 718, 1, 'C 24 ENTRE 26 Y 28 S/N', 2, 'Casa por doña pelos', 'Activo', '2024-01-01'),
(707, 719, 1, 'Domicilio.conocido', 1, '', 'Activo', '2024-01-01'),
(708, 47, 1, 'Dom.conocido2', 1, '', 'Activo', '2024-01-01'),
(709, 79, 1, 'Dom.conocido', 1, '', 'Activo', '2024-01-01'),
(710, 83, 1, 'Dom.conocido2', 1, '', 'Activo', '2024-01-01'),
(711, 180, 1, 'Dom.conocido2', 1, '', 'Activo', '2024-01-01'),
(712, 324, 1, 'Dom.conocido2', 1, '', 'Activo', '2024-01-01'),
(713, 384, 1, 'Dom.conocido2', 1, '', 'Activo', '2024-01-01'),
(714, 384, 1, 'Dom.conocido3', 1, '', 'Activo', '2024-01-01'),
(715, 486, 1, 'Dom.conocido,C.Santa clara', 1, 'Enfrente de placita de toros', 'Activo', '2024-01-01'),
(716, 486, 1, 'Calle 24 y 28', 1, 'A una casas de frutería la Rosita', 'Activo', '2024-01-01'),
(717, 720, 1, 'Calle 22', 1, 'Alado de la torre Telefónica ', 'Activo', '2024-01-01'),
(718, 721, 1, 'Dom.conocido', 1, 'Colonia Santa Clara', 'Activo', '2024-01-01'),
(719, 722, 1, 'Calle 32 entre 21 y 21 S/N', 1, '', 'Activo', '2024-01-01'),
(720, 723, 1, 'Dom.conocido', 1, '', 'Activo', '2024-01-01'),
(721, 718, 3, 'por don juan', 1, 'lo que sea', 'Activo', '2024-01-01'),
(722, 725, 1, 'Dom.Conocido', 1, '', 'Activo', '2024-01-01'),
(782, 732, 1, 'lo que sea', 1, 'kxk', 'Activo', '2024-06-01'),
(783, 105, 3, 'Calle 28', 1, 'llendo por panaderia unica', 'Activo', '2024-01-01');

-- --------------------------------------------------------

--
-- Estructura de tabla para la tabla `pagos`
--

CREATE TABLE `pagos` (
  `id_pago` int(11) NOT NULL,
  `id_contribuyente` int(11) DEFAULT NULL,
  `id_tipo_de_servicio` int(11) DEFAULT NULL,
  `id_domicilio` int(11) DEFAULT NULL,
  `mes_inicio` date DEFAULT NULL,
  `mes_fin` date DEFAULT NULL,
  `monto_del_pago` decimal(10,2) DEFAULT NULL
) ENGINE=InnoDB DEFAULT CHARSET=utf8mb4 COLLATE=utf8mb4_general_ci;

--
-- Volcado de datos para la tabla `pagos`
--

INSERT INTO `pagos` (`id_pago`, `id_contribuyente`, `id_tipo_de_servicio`, `id_domicilio`, `mes_inicio`, `mes_fin`, `monto_del_pago`) VALUES
(1, 613, 1, 609, '2024-01-01', '2024-02-29', 60.00),
(2, 689, 1, 685, '2024-01-01', '2024-03-31', 90.00),
(3, 105, 1, 105, '2024-01-01', '2024-02-29', 60.00),
(4, 105, 3, 783, '2024-01-01', '2024-02-29', 30.00),
(5, 228, 1, 229, '2024-01-01', '2024-05-31', 150.00),
(6, 78, 1, 78, '2024-01-01', '2024-02-29', 60.00),
(7, 517, 1, 515, '2024-01-01', '2024-02-29', 60.00),
(8, 140, 1, 141, '2024-01-01', '2024-02-29', 60.00),
(9, 522, 3, 520, '2024-01-01', '2024-02-29', 30.00),
(10, 55, 1, 55, '2024-01-01', '2024-02-29', 60.00),
(11, 646, 1, 642, '2024-01-01', '2024-12-31', 360.00),
(12, 450, 1, 448, '2024-01-01', '2024-02-29', 60.00),
(13, 311, 1, 310, '2024-01-01', '2024-01-31', 30.00),
(14, 9, 1, 9, '2024-01-01', '2024-06-30', 180.00),
(15, 732, 1, 782, '2024-06-01', '2024-06-30', 30.00),
(16, 732, 1, 782, '2024-07-01', '2024-07-31', 30.00),
(17, 732, 1, 782, '2024-08-01', '2024-09-30', 60.00),
(18, 732, 1, 782, '2024-10-01', '2025-02-28', 150.00);

-- --------------------------------------------------------

--
-- Estructura de tabla para la tabla `reportes`
--

CREATE TABLE `reportes` (
  `id_reporte` int(11) NOT NULL,
  `id_pago` int(11) NOT NULL,
  `id_domicilio` int(11) DEFAULT NULL,
  `fecha_de_emision` timestamp NULL DEFAULT NULL,
  `meses_pagados` int(11) NOT NULL,
  `monto_del_pago` decimal(10,2) DEFAULT NULL
) ENGINE=InnoDB DEFAULT CHARSET=utf8mb4 COLLATE=utf8mb4_general_ci;

--
-- Volcado de datos para la tabla `reportes`
--

INSERT INTO `reportes` (`id_reporte`, `id_pago`, `id_domicilio`, `fecha_de_emision`, `meses_pagados`, `monto_del_pago`) VALUES
(15, 1, 609, '2024-02-18 01:27:41', 2, 60.00),
(16, 2, 685, '2024-02-18 01:47:41', 3, 90.00),
(17, 3, 105, '2024-02-18 02:12:32', 2, 60.00),
(18, 4, 783, '2024-02-18 02:13:22', 2, 30.00),
(19, 5, 229, '2024-02-18 02:14:27', 5, 150.00),
(20, 6, 78, '2024-02-18 02:16:46', 2, 60.00),
(21, 7, 515, '2024-02-18 02:17:57', 2, 60.00),
(22, 8, 141, '2024-02-18 02:21:36', 2, 60.00),
(23, 9, 520, '2024-02-18 02:32:28', 2, 30.00),
(24, 10, 55, '2024-02-18 02:34:22', 2, 60.00),
(25, 11, 642, '2024-02-18 02:36:19', 12, 360.00),
(26, 12, 448, '2024-02-18 02:41:16', 2, 60.00),
(27, 13, 310, '2024-02-18 02:53:30', 1, 30.00),
(28, 14, 9, '2024-02-18 02:55:34', 6, 180.00),
(29, 15, 782, '2024-02-21 05:18:02', 1, 30.00),
(30, 16, 782, '2024-02-23 22:34:17', 1, 30.00),
(31, 17, 782, '2024-02-24 00:45:58', 2, 60.00),
(32, 18, 782, '2024-02-24 01:20:49', 5, 150.00);

-- --------------------------------------------------------

--
-- Estructura de tabla para la tabla `tipos_de_servicio`
--

CREATE TABLE `tipos_de_servicio` (
  `id_tipo_de_servicio` int(11) NOT NULL,
  `nombre` varchar(255) NOT NULL,
  `descripcion` varchar(255) NOT NULL,
  `precio` decimal(10,2) NOT NULL
) ENGINE=InnoDB DEFAULT CHARSET=utf8mb4 COLLATE=utf8mb4_general_ci;

--
-- Volcado de datos para la tabla `tipos_de_servicio`
--

INSERT INTO `tipos_de_servicio` (`id_tipo_de_servicio`, `nombre`, `descripcion`, `precio`) VALUES
(1, 'Pago total ', 'Pago total de agua potable', 30.00),
(3, 'Pago parcial', 'Pago parcial de agua potable', 15.00),
(7, 'test', 'jkjksc', 20.00);

-- --------------------------------------------------------

--
-- Estructura de tabla para la tabla `user`
--

CREATE TABLE `user` (
  `id` int(11) NOT NULL,
  `nombre` varchar(50) NOT NULL,
  `correo` varchar(50) NOT NULL,
  `telefono` varchar(50) NOT NULL,
  `password` varchar(50) NOT NULL,
  `fecha` timestamp NOT NULL DEFAULT current_timestamp() ON UPDATE current_timestamp(),
  `rol` int(11) NOT NULL
) ENGINE=InnoDB DEFAULT CHARSET=utf8 COLLATE=utf8_general_ci;

--
-- Volcado de datos para la tabla `user`
--

INSERT INTO `user` (`id`, `nombre`, `correo`, `telefono`, `password`, `fecha`, `rol`) VALUES
(3, 'Rodolfo', 'user@gmail.com', '9900258789', '12345', '2023-11-12 17:27:35', 2),
(4, 'Emanuel', 'usuario@gmail.com.mx', '9911165670', '12345', '2022-06-14 01:10:54', 1),
(7, 'Jose', 'jt615257@gmail.com', '9981298737', '12345', '2022-06-12 00:31:03', 2),
(10, 'Shaggy', 'Shaggy@Buu.net', '54948151', '12345', '2022-06-14 01:09:56', 1),
(11, 'Scrapy', 'sam@gmail.com', '9975201478', '12345', '2022-06-14 00:31:27', 2);

-- --------------------------------------------------------

--
-- Estructura de tabla para la tabla `usuario`
--

CREATE TABLE `usuario` (
  `id` int(11) NOT NULL,
  `nombre` varchar(255) DEFAULT NULL,
  `apellido` varchar(255) DEFAULT NULL,
  `usuario` varchar(50) DEFAULT NULL,
  `clave` varchar(255) DEFAULT NULL
) ENGINE=InnoDB DEFAULT CHARSET=utf8mb4 COLLATE=utf8mb4_general_ci;

--
-- Volcado de datos para la tabla `usuario`
--

INSERT INTO `usuario` (`id`, `nombre`, `apellido`, `usuario`, `clave`) VALUES
(1, 'Rodolfo', 'Chan', 'rodo123', '1234'),
(2, 'Roger', 'Dzib Chan', 'roger123', 'dzonot123');

--
-- Índices para tablas volcadas
--

--
-- Indices de la tabla `contribuyentes`
--
ALTER TABLE `contribuyentes`
  ADD PRIMARY KEY (`id_contribuyente`);

--
-- Indices de la tabla `domicilios`
--
ALTER TABLE `domicilios`
  ADD PRIMARY KEY (`id_domicilio`),
  ADD KEY `id_contribuyente` (`id_contribuyente`),
  ADD KEY `fk_domicilios_tipo_servicio` (`id_tipo_de_servicio`);

--
-- Indices de la tabla `pagos`
--
ALTER TABLE `pagos`
  ADD PRIMARY KEY (`id_pago`),
  ADD KEY `id_contribuyente` (`id_contribuyente`),
  ADD KEY `id_tipo_de_servicio` (`id_tipo_de_servicio`),
  ADD KEY `id_domicilio` (`id_domicilio`);

--
-- Indices de la tabla `reportes`
--
ALTER TABLE `reportes`
  ADD PRIMARY KEY (`id_reporte`),
  ADD KEY `fk_reportes_pagos` (`id_pago`);

--
-- Indices de la tabla `tipos_de_servicio`
--
ALTER TABLE `tipos_de_servicio`
  ADD PRIMARY KEY (`id_tipo_de_servicio`);

--
-- Indices de la tabla `user`
--
ALTER TABLE `user`
  ADD PRIMARY KEY (`id`);

--
-- Indices de la tabla `usuario`
--
ALTER TABLE `usuario`
  ADD PRIMARY KEY (`id`),
  ADD UNIQUE KEY `usuario` (`usuario`);

--
-- AUTO_INCREMENT de las tablas volcadas
--

--
-- AUTO_INCREMENT de la tabla `contribuyentes`
--
ALTER TABLE `contribuyentes`
  MODIFY `id_contribuyente` int(11) NOT NULL AUTO_INCREMENT, AUTO_INCREMENT=733;

--
-- AUTO_INCREMENT de la tabla `domicilios`
--
ALTER TABLE `domicilios`
  MODIFY `id_domicilio` int(11) NOT NULL AUTO_INCREMENT, AUTO_INCREMENT=784;

--
-- AUTO_INCREMENT de la tabla `pagos`
--
ALTER TABLE `pagos`
  MODIFY `id_pago` int(11) NOT NULL AUTO_INCREMENT, AUTO_INCREMENT=19;

--
-- AUTO_INCREMENT de la tabla `reportes`
--
ALTER TABLE `reportes`
  MODIFY `id_reporte` int(11) NOT NULL AUTO_INCREMENT, AUTO_INCREMENT=33;

--
-- AUTO_INCREMENT de la tabla `tipos_de_servicio`
--
ALTER TABLE `tipos_de_servicio`
  MODIFY `id_tipo_de_servicio` int(11) NOT NULL AUTO_INCREMENT, AUTO_INCREMENT=8;

--
-- AUTO_INCREMENT de la tabla `usuario`
--
ALTER TABLE `usuario`
  MODIFY `id` int(11) NOT NULL AUTO_INCREMENT, AUTO_INCREMENT=3;

--
-- Restricciones para tablas volcadas
--

--
-- Filtros para la tabla `domicilios`
--
ALTER TABLE `domicilios`
  ADD CONSTRAINT `domicilios_ibfk_1` FOREIGN KEY (`id_contribuyente`) REFERENCES `contribuyentes` (`id_contribuyente`),
  ADD CONSTRAINT `fk_domicilios_tipo_servicio` FOREIGN KEY (`id_tipo_de_servicio`) REFERENCES `tipos_de_servicio` (`id_tipo_de_servicio`);

--
-- Filtros para la tabla `pagos`
--
ALTER TABLE `pagos`
  ADD CONSTRAINT `pagos_ibfk_1` FOREIGN KEY (`id_contribuyente`) REFERENCES `contribuyentes` (`id_contribuyente`),
  ADD CONSTRAINT `pagos_ibfk_2` FOREIGN KEY (`id_tipo_de_servicio`) REFERENCES `tipos_de_servicio` (`id_tipo_de_servicio`),
  ADD CONSTRAINT `pagos_ibfk_3` FOREIGN KEY (`id_domicilio`) REFERENCES `domicilios` (`id_domicilio`);

--
-- Filtros para la tabla `reportes`
--
ALTER TABLE `reportes`
  ADD CONSTRAINT `fk_reportes_pagos` FOREIGN KEY (`id_pago`) REFERENCES `pagos` (`id_pago`) ON DELETE CASCADE;
COMMIT;

/*!40101 SET CHARACTER_SET_CLIENT=@OLD_CHARACTER_SET_CLIENT */;
/*!40101 SET CHARACTER_SET_RESULTS=@OLD_CHARACTER_SET_RESULTS */;
/*!40101 SET COLLATION_CONNECTION=@OLD_COLLATION_CONNECTION */;
